,gene,Geneid,genename,dfin_change,dfin_log2FC,dfin_padj,dfin_Change Metric
1,1,ENSMUSG00000032841,Prr5l,Up,22.9039276365794,1.85637402295119e-44,1001.61932123945
2,2,ENSMUSG00000026700,Tnfsf4,Up,23.5470478543125,4.44824089418479e-38,879.524897582863
3,3,ENSMUSG00000022015,Tnfsf11,Up,23.8395810283231,1.964783336735e-29,684.355351068768
4,4,ENSMUSG00000032377,Plscr4,Up,21.5269867699682,3.18468946431135e-29,613.453097713656
5,5,ENSMUSG00000034035,Ccdc17,Up,22.7987778793949,2.57644424957149e-27,606.196231974019
6,6,ENSMUSG00000044033,Ccdc141,Up,22.8524430779791,3.73566830123958e-27,603.935948944524
7,7,ENSMUSG00000033910,Gucy1a1,Up,23.3327131992362,6.67893903220816e-26,587.4078800974
8,8,ENSMUSG00000108090,ENSMUSG00000108090,Up,20.7469793156268,4.65987482859053e-28,567.048674076366
9,9,ENSMUSG00000045573,Penk,Up,24.5017602756095,5.3265780720595e-23,545.741224315966
10,10,ENSMUSG00000022425,Enpp2,Up,22.2737682905305,6.30302645089669e-24,516.761466921718
11,11,ENSMUSG00000061825,Ces2c,Up,22.4756056747657,2.83224103308134e-22,484.301424520276
12,12,ENSMUSG00000110647,ENSMUSG00000110647,Up,21.3536357239122,4.43624784497718e-23,477.317481919573
13,13,ENSMUSG00000079037,Prnp,Up,22.327571410778,1.16877780346489e-21,467.366709559472
14,14,ENSMUSG00000113669,ENSMUSG00000113669,Up,20.683593860356,4.08669203336657e-22,442.393696618921
15,15,ENSMUSG00000038555,Reep2,Up,21.1948412241356,3.9779723578519e-21,432.381929894862
16,16,ENSMUSG00000022793,B4galt4,Up,22.2886390763795,1.63952065688818e-19,418.698395122511
17,17,ENSMUSG00000075122,Cd80,Up,21.2701807300651,7.27423961140969e-20,407.073236545356
18,18,ENSMUSG00000043153,Crppa,Up,22.9876409762185,3.35083748185553e-18,401.705500565924
19,19,ENSMUSG00000010047,Hyal2,Up,21.7416137447539,4.32201819590709e-18,377.528195082373
20,20,ENSMUSG00000026796,Niban2,Up,21.3870998420719,4.32201819590709e-18,371.372304568338
21,21,ENSMUSG00000055407,Map6,Up,20.2387723534838,9.08041222391821e-18,344.907021949019
22,22,ENSMUSG00000038963,Slco4a1,Up,20.8831790264521,8.93370219468491e-17,335.153482977798
23,23,ENSMUSG00000053746,Ptrh1,Up,21.1645269696858,1.95541920543915e-16,332.468477297162
24,24,ENSMUSG00000020953,Coch,Up,20.9789444016654,2.61903415325431e-16,326.890950240438
25,25,ENSMUSG00000115969,ENSMUSG00000115969,Up,21.5257890961414,8.7971280209166e-16,324.08494222906
26,26,ENSMUSG00000038217,Tlcd2,Up,22.4305909209105,8.09056950399515e-15,316.092356210479
27,27,ENSMUSG00000024873,Cnih2,Up,20.8841799050187,1.63362987382339e-15,308.811159053312
28,28,ENSMUSG00000001665,Gstt3,Up,20.8050378532228,3.6946777594664e-15,300.267115851735
29,29,ENSMUSG00000043833,2900005J15Rik,Up,22.0830561672728,4.0254455139049e-14,295.806645854479
30,30,ENSMUSG00000016529,Il10,Up,21.0022751078685,9.63123027610482e-15,294.374571535887
31,31,ENSMUSG00000087651,1500009L16Rik,Up,20.6133310136717,1.14013422264999e-14,287.412581685417
32,32,ENSMUSG00000109713,Pvrig,Up,18.778928381614,6.40461151955771e-16,285.317783721642
33,33,ENSMUSG00000031903,Pla2g15,Up,20.7653792650909,2.11895011021693e-14,283.943289034397
34,34,ENSMUSG00000025268,Maged2,Up,22.0704998637722,3.83867702700454e-13,274.023318888033
35,35,ENSMUSG00000037994,Slc9b2,Up,22.7106565104655,9.24894727907249e-13,273.297944165134
36,36,ENSMUSG00000068105,Tnfrsf13c,Up,21.9973054166238,9.98465446113521e-13,263.982336325808
37,37,ENSMUSG00000043953,Ccrl2,Up,21.0768984158202,4.52530922246315e-13,260.18064761895
38,38,ENSMUSG00000073274,ENSMUSG00000073274,Up,20.4695694770248,2.16311973801285e-13,259.245448394352
39,39,ENSMUSG00000076615,Ighg3,Up,21.6332533823959,2.90798333345487e-12,249.570039266215
40,40,ENSMUSG00000055305,Zfp93,Up,21.3774722584153,2.9705127487301e-12,246.421726524099
41,41,ENSMUSG00000102051,Ly6a2,Up,19.0930681115484,1.39033141052361e-13,245.477317341449
42,42,ENSMUSG00000028716,Pdzk1ip1,Up,22.614554833494,2.64420476952248e-11,239.210087829539
43,43,ENSMUSG00000039193,Nlrc4,Up,19.6367085257841,9.24401004352639e-13,236.310891513663
44,44,ENSMUSG00002074862,ENSMUSG00002074862,Up,20.3103804770085,3.13054603631564e-12,233.658333028787
45,45,ENSMUSG00000110597,ENSMUSG00000110597,Up,20.9764234516082,8.97179484094178e-12,231.729081011806
46,46,ENSMUSG00000013089,Etv5,Up,19.934466550798,2.32152740525802e-11,211.98762618231
47,47,ENSMUSG00000014846,Tppp3,Up,20.7207597975392,6.80185898627299e-11,210.675680774176
48,48,ENSMUSG00000025151,Maged1,Up,21.8405737385479,2.3771844228008e-10,210.192308417258
49,49,ENSMUSG00000098008,A930001A20Rik,Up,21.5085696496866,2.03775832845218e-10,208.436264615455
50,50,ENSMUSG00000034471,Caskin2,Up,20.0727287281413,4.57271617689094e-11,207.548517454885
51,51,ENSMUSG00000111611,Olfr157,Up,17.6440946405134,3.29752738144977e-12,202.586170330487
52,52,ENSMUSG00000005413,Hmox1,Up,20.9463331041418,2.41674953604968e-10,201.436033372405
53,53,ENSMUSG00000054418,ENSMUSG00000054418,Up,19.8066238733099,6.80185898627299e-11,201.381320430305
54,54,ENSMUSG00000034487,Poglut3,Up,20.9735363997764,3.73435161860648e-10,197.733987508819
55,55,ENSMUSG00000106940,ENSMUSG00000106940,Up,20.3724222439636,5.87010940573323e-10,188.065037586605
56,56,ENSMUSG00000025466,Fuom,Up,21.146268346195,1.36421267915568e-09,187.464162423175
57,57,ENSMUSG00000040899,Ccr6,Up,21.6220174938858,2.23165333931099e-09,187.060144124244
58,58,ENSMUSG00000096478,Trav9d-1,Up,24.5640788720994,2.92631246908232e-08,185.057892575122
59,59,ENSMUSG00000031765,Mt1,Up,18.5715678779501,1.51087887999166e-10,182.387103161329
60,60,ENSMUSG00000046798,Cldn12,Up,20.0958133555574,1.30270878950461e-09,178.554369423019
61,61,ENSMUSG00000024909,Efemp2,Up,21.3160590307059,4.78585710966988e-09,177.350469579386
62,62,ENSMUSG00000021376,Tpmt,Up,21.0104782162344,4.86124839659678e-09,174.665403982904
63,63,ENSMUSG00000051000,Fam160a1,Up,20.6793326277541,4.78585710966988e-09,172.052880264474
64,64,ENSMUSG00000026274,Pask,Up,20.5982284162072,7.26302596135706e-09,167.646558799322
65,65,ENSMUSG00000029752,Asns,Up,19.4988340168708,4.14467128480025e-09,163.449169336608
66,66,ENSMUSG00000031951,Tmem231,Up,19.7085338637293,7.6473937337175e-09,159.964050008417
67,67,ENSMUSG00000090559,ENSMUSG00000090559,Up,19.5047692947585,1.11495152964888e-08,155.116437220458
68,68,ENSMUSG00000084575,Gm23656,Up,18.9921219235806,1.05092740575382e-08,151.527263706148
69,69,ENSMUSG00000066894,Vsig10,Up,18.9954580889467,1.34019138221606e-08,149.548072693327
70,70,ENSMUSG00000032451,Trim42,Up,19.8032661016822,2.99811742354114e-08,148.982968338624
71,71,ENSMUSG00000066456,Hmgn3,Up,21.2308101237369,1.09715914752793e-07,147.760714032333
72,72,ENSMUSG00000025227,Mfsd13a,Up,20.4234311262827,8.447047180884e-08,144.460954903557
73,73,ENSMUSG00000109759,ENSMUSG00000109759,Up,20.6284356918895,1.02769131641196e-07,144.154341168853
74,74,ENSMUSG00000085457,1110046J04Rik,Up,20.6804345763656,1.1785830010892e-07,143.287282647578
75,75,ENSMUSG00000023367,Tmem176a,Up,21.3681590729413,2.24650591621052e-07,142.066043911021
76,76,ENSMUSG00000028392,Bspry,Up,15.726457272864,1.00405530636889e-09,141.510474072933
77,77,ENSMUSG00000031286,Glt28d2,Up,20.5943668883843,1.45637897786762e-07,140.798035291243
78,78,ENSMUSG00000047205,Dusp18,Up,20.4131307199905,1.26874437586983e-07,140.781725408989
79,79,ENSMUSG00000024424,Ttc39c,Up,10.9533873132565,1.99788242044157e-13,139.101776263577
80,80,ENSMUSG00000057123,Gja5,Up,19.4378625268187,7.38745025886856e-08,138.62122216323
81,81,ENSMUSG00000111792,ENSMUSG00000111792,Up,19.4473711778267,7.63698377372371e-08,138.408460137331
82,82,ENSMUSG00000094335,Igkv1-117,Up,25.190142933001,3.5940831269039e-06,137.145513503576
83,83,ENSMUSG00000036923,Stox1,Up,21.2206027515804,3.50579159277928e-07,136.983529949904
84,84,ENSMUSG00000044676,Zfp612,Up,21.6580632201021,4.91480503862318e-07,136.629755490023
85,85,ENSMUSG00000116624,ENSMUSG00000116624,Up,20.7780728195213,3.33994740932259e-07,134.564209597582
86,86,ENSMUSG00000074577,Ripor3,Up,20.9570698047545,4.31152490714508e-07,133.399484576202
87,87,ENSMUSG00000045031,Cetn4,Up,19.0823008619629,1.15600098297797e-07,132.374718655178
88,88,ENSMUSG00000027298,Tyro3,Up,20.7709088349371,5.5295463747965e-07,129.970025849319
89,89,ENSMUSG00000055725,Paqr3,Up,19.8291025282155,3.64638266528085e-07,127.662493669824
90,90,ENSMUSG00000029641,Rasl11a,Up,18.7396118963206,2.24650591621052e-07,124.590167896561
91,91,ENSMUSG00000024301,Kifc5b,Up,20.2832549114934,7.51090933183787e-07,124.220889785106
92,92,ENSMUSG00000042501,Cpa6,Up,19.0533447292269,3.26932180707243e-07,123.571273744396
93,93,ENSMUSG00000017314,Mpp2,Up,18.5009958944221,2.0968095542561e-07,123.557809765696
94,94,ENSMUSG00000034361,Cpne2,Up,18.3027184369341,2.47413928450401e-07,120.91829770473
95,95,ENSMUSG00000105646,ENSMUSG00000105646,Up,15.4057637617554,1.49848187822584e-08,120.540064654487
96,96,ENSMUSG00000073430,Gm10505,Up,18.3663758074845,3.64638266528085e-07,118.245257541245
97,97,ENSMUSG00000044134,Pheta1,Up,19.7811220983891,1.30530483679145e-06,116.397820432781
98,98,ENSMUSG00000073628,ENSMUSG00000073628,Up,19.3326284295353,1.32053938586485e-06,113.661329424691
99,99,ENSMUSG00000034115,Scn11a,Up,19.3186708476306,1.40617359088271e-06,113.052109584187
100,100,ENSMUSG00000020607,Lratd1,Up,12.8265110115657,1.80786321957724e-09,112.140062098126
101,101,ENSMUSG00000037129,Tmprss13,Up,10.5599394366346,2.6983265028811e-11,111.60700200194
102,102,ENSMUSG00000104546,ENSMUSG00000104546,Up,20.4685394586914,3.62620264978185e-06,111.360069963305
103,103,ENSMUSG00000016758,Bik,Up,19.7125646531601,2.45792194003747e-06,110.576289267896
104,104,ENSMUSG00000035067,Xkr6,Up,20.9351643807828,5.23935198107206e-06,110.552792007285
105,105,ENSMUSG00000048120,Entpd1,Up,10.0472010001283,1.07672243044941e-11,110.196658067437
106,106,ENSMUSG00000039013,Siglecf,Up,22.546692718479,1.41422386674254e-05,109.339776840365
107,107,ENSMUSG00000050930,Map10,Up,21.5570500786451,8.54181722228722e-06,109.260824560994
108,108,ENSMUSG00000005611,Irag1,Up,21.2543141494434,7.36512943460582e-06,109.094560600955
109,109,ENSMUSG00000112734,ENSMUSG00000112734,Up,20.8642077157455,6.60122082878139e-06,108.084435457311
110,110,ENSMUSG00000108214,ENSMUSG00000108214,Up,21.7633981553975,1.12064285377743e-05,107.740415841405
111,111,ENSMUSG00000034394,Lif,Up,19.6706424423473,3.62136364095054e-06,107.030480678262
112,112,ENSMUSG00000106553,ENSMUSG00000106553,Up,19.9372790671877,4.36701139065557e-06,106.860140866924
113,113,ENSMUSG00000029102,Hgfac,Up,20.5760969755671,6.67247682507948e-06,106.495971081719
114,114,ENSMUSG00000050822,Slc29a4,Up,18.4381185446983,1.84905108146781e-06,105.706675637817
115,115,ENSMUSG00000073018,Gm1070,Up,19.2646363990428,3.69839953207358e-06,104.645238576707
116,116,ENSMUSG00000025809,Itgb1,Up,4.33640130679756,9.74185668785103e-25,104.122885352302
117,117,ENSMUSG00000039005,Tlr4,Up,19.5907912265533,5.23466768145171e-06,103.461140771469
118,118,ENSMUSG00000086392,Mccc1os,Up,21.056029468578,1.26426218130571e-05,103.135861378873
119,119,ENSMUSG00000084068,ENSMUSG00000084068,Up,18.9169259833865,3.62136364095054e-06,102.929413052529
120,120,ENSMUSG00000115087,ENSMUSG00000115087,Up,18.9209603234277,4.02579094261875e-06,102.081396034975
121,121,ENSMUSG00000083718,ENSMUSG00000083718,Up,19.7741566620463,7.15034700348367e-06,101.751341691408
122,122,ENSMUSG00000027860,Vangl1,Up,20.9335018959417,1.52283945353067e-05,100.843919113764
123,123,ENSMUSG00000032224,Fam81a,Up,19.7347902974924,8.50180961715116e-06,100.065029710518
124,124,ENSMUSG00000091682,Trgc3,Up,18.5055602590832,3.97606377531879e-06,99.9401416156187
125,125,ENSMUSG00000048965,Mrgpre,Up,18.9156293668225,5.20858531929946e-06,99.9365704348758
126,126,ENSMUSG00000015340,Cybb,Up,11.1538878162673,1.15920159468095e-09,99.6693683936201
127,127,ENSMUSG00000060568,Fam78b,Up,20.3468940880714,1.50671847763347e-05,98.1120698670096
128,128,ENSMUSG00000114302,ENSMUSG00000114302,Up,16.3138649882534,1.03779472469214e-06,97.620349766495
129,129,ENSMUSG00000020085,Aifm2,Up,20.282675402703,1.5845811528869e-05,97.3585763837729
130,130,ENSMUSG00000057054,Inca1,Up,20.2229139744163,1.62231994131023e-05,96.8649973782732
131,131,ENSMUSG00000050556,Kcnb1,Up,19.9884509361604,1.59097532205815e-05,95.9113148394067
132,132,ENSMUSG00000116600,ENSMUSG00000116600,Up,18.5417444709623,6.8835765834406e-06,95.7159309695056
133,133,ENSMUSG00000028601,Echdc2,Up,20.0013814245595,2.21149135717863e-05,93.1127260376408
134,134,ENSMUSG00000027524,Edn3,Up,21.9792330640129,6.15979471022019e-05,92.5421049443519
135,135,ENSMUSG00000046731,Kctd11,Up,17.8073779582079,6.60122082878139e-06,92.2489087441054
136,136,ENSMUSG00000072966,Gprasp2,Up,21.5772149294369,5.50453760652148e-05,91.9033818122224
137,137,ENSMUSG00000039959,Hip1,Up,7.10259717688892,1.54871686454684e-13,90.9844685128553
138,138,ENSMUSG00000025810,Nrp1,Up,8.70755664591134,3.66128532879367e-11,90.8752518201962
139,139,ENSMUSG00000037346,Hrh4,Up,20.279637546058,3.31136469805396e-05,90.8526339542665
140,140,ENSMUSG00000047746,Fbxo40,Up,20.4454295705459,3.70816151071515e-05,90.5904549276582
141,141,ENSMUSG00000106061,ENSMUSG00000106061,Up,20.4982481887173,4.01936748750861e-05,90.1070661522987
142,142,ENSMUSG00000028100,Nudt17,Up,20.3082549215632,3.8567105874881e-05,89.6362293155564
143,143,ENSMUSG00000093861,Igkv1-110,Up,21.8814732330968,9.15687396519036e-05,88.3629197504265
144,144,ENSMUSG00000030402,Ppm1n,Up,19.5509379455327,3.48917421187821e-05,87.1439527978597
145,145,ENSMUSG00000117250,ENSMUSG00000117250,Up,16.4861139429522,7.57974697151166e-06,84.4145959082553
146,146,ENSMUSG00000086312,ENSMUSG00000086312,Up,18.7327955729197,3.48917421187821e-05,83.4972653346011
147,147,ENSMUSG00000032489,Kif9,Up,15.9248698418135,6.24987690329892e-06,82.8750695818397
148,148,ENSMUSG00000039578,Ccser1,Up,17.5027879392934,1.89175263846919e-05,82.6680417191689
149,149,ENSMUSG00000020473,Aebp1,Up,19.7749956639074,6.62915994380855e-05,82.6306400933494
150,150,ENSMUSG00000042549,Map2k3os,Up,19.2866344504832,5.37904824210337e-05,82.3403235540778
151,151,ENSMUSG00000044390,Tigd3,Up,20.5586124261412,0.000107723939529871,81.5701551439437
152,152,ENSMUSG00000039963,Ccdc40,Up,18.0668006804508,3.28111238582592e-05,81.011152928738
153,153,ENSMUSG00000004347,Pde1c,Up,18.634089502988,4.52170276070428e-05,80.9594912071777
154,154,ENSMUSG00000115543,ENSMUSG00000115543,Up,18.4577226728616,4.11237084014015e-05,80.9538685304983
155,155,ENSMUSG00000071722,Spin4,Up,17.9055243932477,3.42124054242145e-05,79.962784309261
156,156,ENSMUSG00000071203,Naip5,Up,10.085482505122,1.50676095193357e-08,78.8881967950022
157,157,ENSMUSG00000027570,Col9a3,Up,20.4460677194291,0.000144467708698051,78.5175865921327
158,158,ENSMUSG00000098041,ENSMUSG00000098041,Up,20.8047083380607,0.000178674325950387,77.9747537885258
159,159,ENSMUSG00000103532,ENSMUSG00000103532,Up,19.1101608905179,9.305291320857e-05,77.0382187872742
160,160,ENSMUSG00000007039,Ddah2,Up,19.1087915884895,9.43414507772621e-05,76.918570043869
161,161,ENSMUSG00000087279,4930544D05Rik,Up,16.722010462079,2.57229583855344e-05,76.7486616747488
162,162,ENSMUSG00000030428,Ttyh1,Up,19.269594030439,0.000121074088969814,75.4780130241593
163,163,ENSMUSG00000005089,Slc1a2,Up,17.2180876651571,5.57187528800844e-05,73.2457210408565
164,164,ENSMUSG00000053702,Nebl,Up,10.6317522129562,1.67660017970035e-07,72.0361865684175
165,165,ENSMUSG00000114136,4921511I17Rik,Up,20.8364649578072,0.000370392733038798,71.4969444646921
166,166,ENSMUSG00000042708,Shcbp1l,Up,20.2794701426944,0.000311997835802759,71.0967483275507
167,167,ENSMUSG00000031078,Cttn,Up,18.432587381381,0.00014709479879305,70.6410973435441
168,168,ENSMUSG00000030424,Zfp939,Up,16.6863365868308,6.18478144032154e-05,70.2273783637867
169,169,ENSMUSG00000018451,6330403K07Rik,Up,10.8818071024459,3.64636162175384e-07,70.0586004418017
170,170,ENSMUSG00000113927,ENSMUSG00000113927,Up,18.8495756041016,0.000205961544913581,69.4835668318405
171,171,ENSMUSG00000097784,ENSMUSG00000097784,Up,20.4530824745303,0.000415485387550353,69.1609580376491
172,172,ENSMUSG00000106184,ENSMUSG00000106184,Up,20.3139535911996,0.000414438896564103,68.7127502460299
173,173,ENSMUSG00000052563,D930048N14Rik,Up,19.5106260722466,0.000310819004276156,68.4333733539088
174,174,ENSMUSG00000024131,Slc3a1,Up,18.8025947308858,0.000239970833068141,68.0624134820434
175,175,ENSMUSG00000040616,Tmem51,Up,19.9812951645797,0.000414438896564103,67.5875199808847
176,176,ENSMUSG00000027962,Vcam1,Up,19.1019962181819,0.000300460084450332,67.2813035130106
177,177,ENSMUSG00000035273,Hpse,Up,20.2047132379449,0.000487211987286473,66.9237086789808
178,178,ENSMUSG00000032220,Myo1e,Up,10.8928940002865,7.8902828880848e-07,66.4783236836065
179,179,ENSMUSG00000068566,Myadm,Up,8.65582059159385,2.13801340739512e-08,66.3900537064436
180,180,ENSMUSG00000018919,Tm4sf5,Up,18.7530386920416,0.000300460084450332,66.0522007029574
181,181,ENSMUSG00000081284,Gm13673,Up,19.0833578485525,0.000358899445111211,65.7426871060108
182,182,ENSMUSG00000083995,ENSMUSG00000083995,Up,19.7100508239843,0.00046250252210914,65.730770475402
183,183,ENSMUSG00000108219,ENSMUSG00000108219,Up,16.3820818342798,9.81282141148972e-05,65.662760421242
184,184,ENSMUSG00000055323,ENSMUSG00000055323,Up,18.8743901649309,0.000358683089977813,65.0277306580142
185,185,ENSMUSG00000001025,S100a6,Up,3.95155122322491,5.53322563493947e-17,64.2404536672435
186,186,ENSMUSG00000076750,Trgv3,Up,17.5035547986836,0.000274237339150254,62.3454464805154
187,187,ENSMUSG00000020627,Klhl29,Up,19.8905042109432,0.000781498209037312,61.8012289566517
188,188,ENSMUSG00000100985,Gm10640,Up,17.7907662427391,0.000343459090793255,61.6294378273962
189,189,ENSMUSG00000005124,Ccn4,Up,21.9915060701755,0.00159230968787691,61.5316283947499
190,190,ENSMUSG00000047907,Tshz2,Up,16.5485629221321,0.0001956120678903,61.3720725353082
191,191,ENSMUSG00000034634,Ly6d,Up,20.4923568150654,0.00105775568688386,60.977356763881
192,192,ENSMUSG00000052387,Trpm3,Up,17.6873704426435,0.000357282173962829,60.9681651942638
193,193,ENSMUSG00000024639,Gnaq,Up,10.4138177427603,1.40617359088271e-06,60.9412559450839
194,194,ENSMUSG00000028005,Gucy1b1,Up,18.3479596900913,0.000494449942958387,60.6561102088801
195,195,ENSMUSG00000106024,ENSMUSG00000106024,Up,10.6002822478049,2.12521311961322e-06,60.1311347023929
196,196,ENSMUSG00000020057,Dram1,Up,17.0749184926715,0.000310819004276156,59.8901474442536
197,197,ENSMUSG00000031849,Comp,Up,19.8345423083238,0.00101742352676325,59.3548326319488
198,198,ENSMUSG00000030124,Lag3,Up,6.81852431726272,2.38654044782621e-09,58.7908931108846
199,199,ENSMUSG00000033170,Card10,Up,21.6497484389082,0.00197546762505545,58.5480660004695
200,200,ENSMUSG00000101189,1700029M03Rik,Up,19.6860863392765,0.00112352906712904,58.0624518715435
201,201,ENSMUSG00000086953,ENSMUSG00000086953,Up,16.5341878739055,0.000310819004276156,57.993538889465
202,202,ENSMUSG00000111006,ENSMUSG00000111006,Up,19.7962205634915,0.00120811625678265,57.7632191935518
203,203,ENSMUSG00000006342,Susd2,Up,11.1572637351199,6.98267448254883e-06,57.5266086275651
204,204,ENSMUSG00000086683,ENSMUSG00000086683,Up,19.5386120330432,0.00114039087739946,57.5010853157767
205,205,ENSMUSG00000108094,Gm31108,Up,17.401690013861,0.000516871206828099,57.1927017178613
206,206,ENSMUSG00000097998,ENSMUSG00000097998,Up,19.7313795124947,0.00129419121720285,56.984254650561
207,207,ENSMUSG00000025314,Ptprj,Up,8.04056968144749,8.47953920053351e-08,56.8599156670851
208,208,ENSMUSG00000038264,Sema7a,Up,14.7562371944024,0.000144554874088968,56.6634677108701
209,209,ENSMUSG00000106197,ENSMUSG00000106197,Up,20.4896182453578,0.00177878099159322,56.3439406094744
210,210,ENSMUSG00000103973,ENSMUSG00000103973,Up,17.2489495480923,0.00054681887360382,56.2687729563747
211,211,ENSMUSG00000025930,Msc,Up,16.7064801779735,0.000429779410637904,56.2466155476498
212,212,ENSMUSG00000031438,Rnf128,Up,10.6331649530633,6.31077077024062e-06,55.2915815264325
213,213,ENSMUSG00000020702,Ccl1,Up,23.7709425001008,0.00482470232935235,55.0660889797091
214,214,ENSMUSG00000072974,Gm4787,Up,20.7105430987888,0.00249589062385461,53.9048724322392
215,215,ENSMUSG00000104181,ENSMUSG00000104181,Up,20.2967262584916,0.00222505023989956,53.8403175006596
216,216,ENSMUSG00000087231,E230016M11Rik,Up,20.024196954931,0.00209325543676257,53.6483833865139
217,217,ENSMUSG00000018648,Dusp14,Up,9.98498246351086,4.36701139065557e-06,53.5176655254114
218,218,ENSMUSG00000039208,Metrnl,Up,12.3973528330773,4.95837411559189e-05,53.3663976270402
219,219,ENSMUSG00000030577,Cd22,Up,7.52132249475676,8.23963189172046e-08,53.2817419444734
220,220,ENSMUSG00000096001,2610528A11Rik,Up,20.3094966157894,0.00254071425876862,52.7040408919848
221,221,ENSMUSG00000066684,Pilrb1,Up,15.7673035407648,0.000462412519212798,52.5834908560251
222,222,ENSMUSG00000078648,Gm17546,Up,20.1800292675804,0.00248384059767026,52.5664795440985
223,223,ENSMUSG00000030789,Itgax,Up,8.22067461272542,4.24545857734966e-07,52.382758406572
224,224,ENSMUSG00000107728,ENSMUSG00000107728,Up,19.4853071179731,0.0024930591099127,50.7254652735258
225,225,ENSMUSG00000069223,4930451E10Rik,Up,19.7576138517812,0.00288994059765132,50.1667763247978
226,226,ENSMUSG00000001555,Fkbp10,Up,12.4047589735726,9.15687396519036e-05,50.0935522041194
227,227,ENSMUSG00000030730,Atp2a1,Up,19.1658397278668,0.00249589062385461,49.8843579648967
228,228,ENSMUSG00000086494,2210417A02Rik,Up,17.9706586820646,0.00168823055629804,49.8248775755689
229,229,ENSMUSG00000063383,Zfp947,Up,16.6047615523933,0.001121066926799,48.9901647633237
230,230,ENSMUSG00000049184,Purg,Up,17.0816048611613,0.00137939389863097,48.8587142276241
231,231,ENSMUSG00000071398,2410004P03Rik,Up,19.8630492950536,0.00357211880330155,48.606353587421
232,232,ENSMUSG00000113581,Dio3os,Up,18.0239331441894,0.00209325543676257,48.289321046368
233,233,ENSMUSG00000107881,ENSMUSG00000107881,Up,16.3091524673749,0.00112352906712904,48.1024701346211
234,234,ENSMUSG00000103261,ENSMUSG00000103261,Up,17.5533483145228,0.00189608095131055,47.7827264320639
235,235,ENSMUSG00000020698,Cct6b,Up,18.2864279988287,0.0024627546895945,47.701589233309
236,236,ENSMUSG00000106441,ENSMUSG00000106441,Up,19.759903939555,0.00386135301256879,47.6857955128444
237,237,ENSMUSG00000092622,Khdc3,Up,16.9383221786611,0.00153929649754036,47.6420413858065
238,238,ENSMUSG00000078945,Naip2,Up,6.57445603523928,5.82698125282412e-08,47.5632728492829
239,239,ENSMUSG00000029070,Mxra8,Up,18.0243845337211,0.00239024387167856,47.2519656233422
240,240,ENSMUSG00000109574,ENSMUSG00000109574,Up,20.400164508136,0.00501275828115266,46.9188123883873
241,241,ENSMUSG00000051506,Wdfy4,Up,18.027769138194,0.00257317066904454,46.6834743934353
242,242,ENSMUSG00000106993,ENSMUSG00000106993,Up,20.5683727107003,0.00551059893213906,46.4598648846003
243,243,ENSMUSG00000029304,Spp1,Up,11.7539601812691,0.000113867538410115,46.3529181681498
244,244,ENSMUSG00000111828,D830035M03Rik,Up,20.348960052925,0.00633642475940803,44.7301828897044
245,245,ENSMUSG00000078816,Prkcg,Up,19.4630492879701,0.00531604822859826,44.2669751005594
246,246,ENSMUSG00000052125,F730043M19Rik,Up,6.82454040665273,3.33393366227745e-07,44.2028419823585
247,247,ENSMUSG00002075479,ENSMUSG00002075479,Up,18.7272270245789,0.0045857418761185,43.7953132379506
248,248,ENSMUSG00000029372,Ppbp,Up,22.2317137658046,0.0110265141780327,43.5199527221575
249,249,ENSMUSG00000027500,Stmn2,Up,20.3379726014577,0.00731774568827332,43.4342357056535
250,250,ENSMUSG00000035283,Adrb1,Up,14.7073971787613,0.0012323556587864,42.7877002099215
251,251,ENSMUSG00000076614,ENSMUSG00000076614,Up,13.5684154655888,0.000702454333020137,42.7863957985525
252,252,ENSMUSG00000022236,Ropn1l,Up,18.8838407119148,0.00554842353932792,42.5987418415393
253,253,ENSMUSG00000107647,ENSMUSG00000107647,Up,22.0667507189581,0.0119053065429491,42.4621528893063
254,254,ENSMUSG00000004267,Eno2,Up,19.1223369635583,0.00615896206267789,42.2697818863039
255,255,ENSMUSG00000033847,Pla2g4c,Up,14.065783617033,0.00113138576304805,41.4432742126581
256,256,ENSMUSG00000017057,Il13ra1,Up,19.3710840714653,0.00757660880879841,41.0768706738756
257,257,ENSMUSG00000100108,ENSMUSG00000100108,Up,17.743665416397,0.00488902657824213,41.0016646175513
258,258,ENSMUSG00000044641,Pard6b,Up,19.1486757269313,0.00748712493029756,40.70405123389
259,259,ENSMUSG00000101337,Dnah7c,Up,16.0151310331271,0.00288994059765132,40.6641967182077
260,260,ENSMUSG00000050989,Selenon,Up,7.84930785994954,7.09021819686699e-06,40.4187580711959
261,261,ENSMUSG00000103703,ENSMUSG00000103703,Up,21.712133517057,0.0140672088703005,40.2063565410732
262,262,ENSMUSG00000107696,ENSMUSG00000107696,Up,21.6761616673592,0.0143354687599992,39.961913732959
263,263,ENSMUSG00000024501,Dpysl3,Up,15.2112473101456,0.0025924622893049,39.3406595726426
264,264,ENSMUSG00000027718,Il21,Up,10.5478376888472,0.000191985183667108,39.2034888898463
265,265,ENSMUSG00000083210,ENSMUSG00000083210,Up,20.6760323619598,0.0127893245057992,39.1428801450815
266,266,ENSMUSG00000103906,Tigd5,Up,17.3159619032218,0.00572379517890756,38.827856967597
267,267,ENSMUSG00000100594,2810414N06Rik,Up,16.5741317166094,0.00457592546001808,38.775530179673
268,268,ENSMUSG00000117805,ENSMUSG00000117805,Up,18.8518443957135,0.00883221411488324,38.7203765098053
269,269,ENSMUSG00000026536,Ifi211,Up,10.0118056181828,0.000135900189261715,38.7134491120087
270,270,ENSMUSG00000026285,Pdcd1,Up,5.76604587914144,2.23526104300868e-07,38.3480784426176
271,271,ENSMUSG00000039021,Ttc16,Up,15.492847899341,0.00349201292828702,38.0647522661508
272,272,ENSMUSG00000030703,Gdpd3,Up,19.6026480145425,0.0114486077212959,38.0535880246303
273,273,ENSMUSG00000036169,Sostdc1,Up,10.199627493677,0.000188613581211346,37.9877684240604
274,274,ENSMUSG00000039717,Ralyl,Up,20.8133149608926,0.0151850379658291,37.8507640290556
275,275,ENSMUSG00000100629,ENSMUSG00000100629,Up,18.0696791874124,0.00804452644082363,37.8469343219923
276,276,ENSMUSG00000058101,1700084J12Rik,Up,19.6612396522008,0.01196073070786,37.7936662843948
277,277,ENSMUSG00000000753,Serpinf1,Up,20.2655241753005,0.0136743728377663,37.7768133067014
278,278,ENSMUSG00000103585,Pcdhgb4,Up,17.8275200060143,0.00783427209371367,37.5447811811942
279,279,ENSMUSG00000106062,ENSMUSG00000106062,Up,21.3032624236663,0.0174944170786686,37.4319735635861
280,280,ENSMUSG00000071636,Rimbp3,Up,21.2781918571476,0.0176717416200153,37.2947261976894
281,281,ENSMUSG00000104138,ENSMUSG00000104138,Up,21.2536956497351,0.0178683074627039,37.1496870796972
282,282,ENSMUSG00000051029,Serpinb1b,Up,19.7455778822239,0.0133875542619027,36.9893664811267
283,283,ENSMUSG00000047562,Mmp10,Up,8.81608031042724,6.53114522297778e-05,36.895390073238
284,284,ENSMUSG00000018925,Heatr9,Up,8.14799732443861,3.30556376056055e-05,36.50917536276
285,285,ENSMUSG00000039470,Zdhhc2,Up,6.72922440556107,4.23250769070393e-06,36.1588295217656
286,286,ENSMUSG00000113769,5033406O09Rik,Up,21.0940106851639,0.0193935993550899,36.1201515968957
287,287,ENSMUSG00000045007,Tubg2,Up,16.572375739211,0.00664000063174939,36.0918482007891
288,288,ENSMUSG00000102286,ENSMUSG00000102286,Up,5.484322081435,2.8686743905137e-07,35.8801831495449
289,289,ENSMUSG00000054850,Smim10l2a,Up,20.3193907004854,0.0172955965871669,35.8040760602839
290,290,ENSMUSG00000023243,Kcnk5,Up,7.95299367295836,3.75673739867727e-05,35.1935014044985
291,291,ENSMUSG00000000125,Wnt3,Up,10.2362164328097,0.000369430220974642,35.1354810504868
292,292,ENSMUSG00000113810,ENSMUSG00000113810,Up,20.8967415351862,0.0211350649100084,35.0019671363018
293,293,ENSMUSG00000097604,ENSMUSG00000097604,Up,20.8917399477192,0.0211350649100084,34.9935894952301
294,294,ENSMUSG00000061544,Zfp229,Up,17.800926660415,0.0109240551538112,34.9185846140135
295,295,ENSMUSG00000074284,ENSMUSG00000074284,Up,20.8743848479507,0.0212733723154104,34.9053877476612
296,296,ENSMUSG00000104607,ENSMUSG00000104607,Up,16.7350920888307,0.00854490924670833,34.6130662147338
297,297,ENSMUSG00000090005,ENSMUSG00000090005,Up,18.442949070677,0.0134797313695899,34.4941936834315
298,298,ENSMUSG00000028463,Car9,Up,20.7908867675702,0.0220877340052011,34.4265656616543
299,299,ENSMUSG00000047108,Dnajb7,Up,20.7547854573793,0.022477932730181,34.2089429809661
300,300,ENSMUSG00000022676,Snai2,Up,20.753640039998,0.022477932730181,34.2070550540604
301,301,ENSMUSG00000114033,ENSMUSG00000114033,Up,7.62145261980651,3.61171437505228e-05,33.8566768628764
302,302,ENSMUSG00000097503,3110045C21Rik,Up,20.6926093326778,0.0231241171755527,33.851760509179
303,303,ENSMUSG00000052117,D630039A03Rik,Up,10.6741782624546,0.000674290026855686,33.8494552347847
304,304,ENSMUSG00000113649,ENSMUSG00000113649,Up,16.6286974991584,0.00937919580998219,33.7202447703631
305,305,ENSMUSG00000031958,Ldhd,Up,20.652172691978,0.0234952834724838,33.6427881254478
306,306,ENSMUSG00000111739,ENSMUSG00000111739,Up,20.6235890433977,0.023844065747563,33.4642416462297
307,307,ENSMUSG00000114686,ENSMUSG00000114686,Up,17.2274242944095,0.0117836687332751,33.226868741339
308,308,ENSMUSG00000092077,Olfr101,Up,17.1570309977333,0.0115932806775422,33.2124716510713
309,309,ENSMUSG00000081868,ENSMUSG00000081868,Up,18.0696145784407,0.0150757602776468,32.9177923092326
310,310,ENSMUSG00000033083,Tbc1d4,Up,4.61424240600271,8.16518920286005e-08,32.7059058923718
311,311,ENSMUSG00000037161,Mgarp,Up,17.0659308235265,0.0121709535122726,32.6757178642677
312,312,ENSMUSG00000079056,Kcnip3,Up,9.87590769153181,0.000493975772965922,32.6526578067699
313,313,ENSMUSG00000031329,Tsx,Up,18.6996338207187,0.017967514192835,32.6404352935244
314,314,ENSMUSG00000034777,Vax2,Up,18.5605757716182,0.0176717416200153,32.5315043741111
315,315,ENSMUSG00000055370,Gm9968,Up,8.13500223530579,0.000107723939529871,32.2771488987485
316,316,ENSMUSG00000007021,Syngr3,Up,14.8493121427742,0.00682887973607754,32.1584207954023
317,317,ENSMUSG00000036256,Igfbp7,Up,10.8795243843713,0.00114423137332362,32.0019702802231
318,318,ENSMUSG00000032231,Anxa2,Up,3.59115001176095,1.37256309365181e-09,31.8264509235848
319,319,ENSMUSG00000114241,Gm30108,Up,15.8766139891255,0.0100141213970627,31.7434979657158
320,320,ENSMUSG00000071637,Cebpd,Up,19.0142702091575,0.0218208334519761,31.5851492970207
321,321,ENSMUSG00000039521,Foxp3,Up,19.3889439712595,0.0241860653107259,31.3409633577331
322,322,ENSMUSG00000094910,D430019H16Rik,Up,20.2194934544743,0.0289480426954775,31.105280425191
323,323,ENSMUSG00000076580,Igkv8-27,Up,20.1979964962148,0.0292611613324126,30.9778377248058
324,324,ENSMUSG00000107448,ENSMUSG00000107448,Up,20.1898230782625,0.0293694960103584,30.9328987245532
325,325,ENSMUSG00000062151,Unc13c,Up,18.6704761879152,0.0222119476973148,30.870014726251
326,326,ENSMUSG00000004032,Gstm5,Up,12.7877595216862,0.00386135301256879,30.8601948412251
327,327,ENSMUSG00000032369,Plscr1,Up,5.72670336097908,4.11457820015896e-06,30.8421612866306
328,328,ENSMUSG00000030122,Ptms,Up,4.66974990559146,2.54248137619251e-07,30.795796857485
329,329,ENSMUSG00000038180,Spag4,Up,16.3116756709592,0.0131516242916863,30.6825980605341
330,330,ENSMUSG00000085133,ENSMUSG00000085133,Up,6.62737386943611,2.79423670920481e-05,30.1793163171348
331,331,ENSMUSG00000063137,Olfr176,Up,20.0497245335242,0.0313139289468183,30.1600475120373
332,332,ENSMUSG00000017453,Pipox,Up,20.0168059381605,0.0316849790263528,30.0081260849861
333,333,ENSMUSG00000032174,Icam5,Up,20.0055317539717,0.0318271980956012,29.9523140062602
334,334,ENSMUSG00000021638,Ocln,Up,17.1205714574891,0.0178438615730846,29.9355101654108
335,335,ENSMUSG00000104744,Gm18980,Up,19.9720356920745,0.0323165679138592,29.7698124765466
336,336,ENSMUSG00000045555,Mettl24,Up,19.9062587118372,0.0332901208314491,29.4151725095057
337,337,ENSMUSG00000112670,Gm18042,Up,19.8743761270073,0.0337080664287389,29.2603714006963
338,338,ENSMUSG00000050232,Cxcr3,Up,2.91233788458246,9.97549527752463e-11,29.1264820368937
339,339,ENSMUSG00000115735,ENSMUSG00000115735,Up,8.9786485810135,0.000604475875190386,28.8988671193862
340,340,ENSMUSG00000040563,Plppr2,Up,15.8395598084569,0.0150144030632735,28.8833094796259
341,341,ENSMUSG00000043629,1700019D03Rik,Up,6.69753655189254,4.95837411559189e-05,28.8306224370975
342,342,ENSMUSG00000040605,Bace2,Up,18.0744093085708,0.0258525286906504,28.6930700340956
343,343,ENSMUSG00000024027,Glp1r,Up,10.2848649199287,0.00171280061810185,28.4509517776692
344,344,ENSMUSG00000031373,Car5b,Up,6.03832043919786,1.97101198745875e-05,28.4121739802172
345,345,ENSMUSG00000090576,ENSMUSG00000090576,Up,6.13142638469365,2.34399173794268e-05,28.388773474496
346,346,ENSMUSG00000097150,ENSMUSG00000097150,Up,17.1914240799581,0.0229939565530295,28.1661935795822
347,347,ENSMUSG00000097223,ENSMUSG00000097223,Up,18.7216592815646,0.0326779191376615,27.8156230189943
348,348,ENSMUSG00000081077,Gm13899,Up,18.3702533120122,0.0315695624019939,27.5688166691969
349,349,ENSMUSG00000086184,ENSMUSG00000086184,Up,18.8756579854537,0.0348836158237043,27.5089782172139
350,350,ENSMUSG00000076613,Ighg2b,Up,12.3277699750028,0.00682887973607754,26.6976416492112
351,351,ENSMUSG00000074141,Il4i1,Up,18.7637132239097,0.0383760883492535,26.5682788684082
352,352,ENSMUSG00000034275,Igsf9b,Up,8.00090336413725,0.000536302341967649,26.1676769861599
353,353,ENSMUSG00000047344,Lancl3,Up,8.52142158769459,0.000861149755613337,26.1174866780437
354,354,ENSMUSG00000108347,Gm19187,Up,19.2283326480429,0.0453615627497336,25.829649832132
355,355,ENSMUSG00000033538,Casp4,Up,4.34938204487736,1.21672229477819e-06,25.7257620367526
356,356,ENSMUSG00000034173,Zbed5,Up,7.67797334274856,0.000462412519212798,25.6058139565468
357,357,ENSMUSG00000034573,Ptpn13,Up,5.10444093516565,1.24129575342122e-05,25.0430239067084
358,358,ENSMUSG00000113425,ENSMUSG00000113425,Up,12.506157437794,0.0100894280419205,24.9639592265676
359,359,ENSMUSG00000040631,Dok4,Up,19.0202223525044,0.0500618141775088,24.7356739432167
360,360,ENSMUSG00000097415,ENSMUSG00000097415,Up,2.96313090594125,4.6152132428187e-09,24.7000909860617
361,361,ENSMUSG00000036151,Tm6sf2,Up,18.9513973577863,0.0516195258252842,24.3939731544016
362,362,ENSMUSG00000030325,Klrb1c,Up,7.69420542801515,0.000681735716340853,24.3628085951668
363,363,ENSMUSG00000060843,Ctnna3,Up,16.695608847496,0.0348836158237043,24.3318214635394
364,364,ENSMUSG00000106815,ENSMUSG00000106815,Up,15.061050336119,0.0247012893729079,24.2073306559498
365,365,ENSMUSG00000006567,Atp7b,Up,18.7113251908205,0.0525725491286212,23.9362936837238
366,366,ENSMUSG00000090709,ENSMUSG00000090709,Up,9.18470136304544,0.00251719917195318,23.8717958436956
367,367,ENSMUSG00000103520,ENSMUSG00000103520,Up,17.5647319847379,0.0474825814979298,23.2463199193411
368,368,ENSMUSG00000049521,Cdc42ep1,Up,18.3084397788389,0.0548287133264333,23.0867950985359
369,369,ENSMUSG00000036499,Eea1,Up,4.12825451597268,2.63890700689549e-06,23.0297812085203
370,370,ENSMUSG00000039217,Il18,Up,9.15842747293289,0.00321847412603259,22.8260065097864
371,371,ENSMUSG00000024617,Camk2a,Up,18.5560639511652,0.061857704568853,22.4269739378967
372,372,ENSMUSG00000005087,Cd44,Up,2.4466892117417,7.41677491558129e-10,22.3377462222239
373,373,ENSMUSG00000026573,Xcl1,Up,4.29647045061167,6.55628938574632e-06,22.2700752465004
374,374,ENSMUSG00000061451,Tmem151a,Up,12.6021693733398,0.0179907699086296,21.9901586083579
375,375,ENSMUSG00000090942,F830016B08Rik,Up,9.3439068736496,0.00445104370996229,21.9725533979856
376,376,ENSMUSG00000038843,Gcnt1,Up,6.98789241980577,0.000753738723602289,21.8216449055664
377,377,ENSMUSG00000095115,Itpripl2,Up,8.05629539018665,0.00195740941904878,21.8190124464286
378,378,ENSMUSG00000044916,1700029I15Rik,Up,17.1512995014818,0.0534507055064733,21.8172514974298
379,379,ENSMUSG00000108923,ENSMUSG00000108923,Up,18.4093290853303,0.065638090332675,21.775365607806
380,380,ENSMUSG00000023046,Igfbp6,Up,13.3458683285658,0.0247012893729079,21.4505522729439
381,381,ENSMUSG00000041907,Gpr45,Up,9.09560605528766,0.0051038752967029,20.8480381418033
382,382,ENSMUSG00000025888,Casp1,Up,4.69786979658212,3.75673739867727e-05,20.788962506827
383,383,ENSMUSG00000085148,Mir22hg,Up,7.94402068192926,0.00247215818766897,20.7094561321727
384,384,ENSMUSG00000038718,Pbx3,Up,6.87661638166864,0.00101381182946377,20.5888827041707
385,385,ENSMUSG00000112317,ENSMUSG00000112317,Up,17.6933780937382,0.0703223851709047,20.3988089733691
386,386,ENSMUSG00000117008,ENSMUSG00000117008,Up,14.5484294789339,0.0402294416695593,20.3016931314358
387,387,ENSMUSG00000000204,Slfn4,Up,14.5078281124432,0.0399146627843427,20.2945297567872
388,388,ENSMUSG00000030161,Gabarapl1,Up,5.82968516721473,0.000370963176467101,19.9997213391757
389,389,ENSMUSG00000002204,Napsa,Up,7.89413201055943,0.00298360871245297,19.9347210652652
390,390,ENSMUSG00000038060,Dlec1,Up,17.4553453233899,0.0724634963123533,19.8970115146909
391,391,ENSMUSG00000030410,Dmwd,Up,17.9098458680993,0.0817150338892048,19.4805041551068
392,392,ENSMUSG00000103046,ENSMUSG00000103046,Up,14.9408476153945,0.0501453110065011,19.4196605865832
393,393,ENSMUSG00000111323,ENSMUSG00000111323,Up,17.8849782950253,0.0824136136005843,19.3873351236016
394,394,ENSMUSG00000024114,Prss41,Up,12.8736707175648,0.0315973348878127,19.3150060278534
395,395,ENSMUSG00000118437,ENSMUSG00000118437,Up,7.9398800098849,0.00370029983760392,19.3079070943016
396,396,ENSMUSG00000102662,ENSMUSG00000102662,Up,17.8509196454715,0.0833155836404888,19.2660291478093
397,397,ENSMUSG00000038179,Slamf7,Up,3.36740087587829,2.09673811052897e-06,19.1216370714404
398,398,ENSMUSG00000020798,Spns3,Up,17.4297072098166,0.082729722642343,18.8648419660326
399,399,ENSMUSG00000097874,ENSMUSG00000097874,Up,17.7496366521061,0.0869960246958362,18.8235001794421
400,400,ENSMUSG00000038068,Rnf144b,Up,17.72506565333,0.0879143374852366,18.716611008
401,401,ENSMUSG00000086697,ENSMUSG00000086697,Up,17.704834832203,0.0886752220630411,18.6289867598879
402,402,ENSMUSG00000090406,ENSMUSG00000090406,Up,17.6521655474763,0.0903292156970228,18.4318927782363
403,403,ENSMUSG00000114893,ENSMUSG00000114893,Up,17.6521151167749,0.0903292156970228,18.4318401199221
404,404,ENSMUSG00000049285,Mblac1,Up,17.6234767727914,0.0913882839580796,18.3127217420585
405,405,ENSMUSG00000095079,Igha,Up,8.98906304293621,0.00923221171621285,18.289994838579
406,406,ENSMUSG00000034258,Flvcr2,Up,17.5866321245455,0.0930965386748405,18.1329866294167
407,407,ENSMUSG00000085546,ENSMUSG00000085546,Up,15.2536497922419,0.0659262194053308,18.0136730773405
408,408,ENSMUSG00000000817,Fasl,Up,4.6125712460749,0.000124586357523511,18.0099205530953
409,409,ENSMUSG00000037419,Endod1,Up,4.84773530826381,0.000211377709509313,17.8151403321887
410,410,ENSMUSG00000075271,Ttc30a1,Up,12.4105982707227,0.0367755643251383,17.8022667031143
411,411,ENSMUSG00000082120,ENSMUSG00000082120,Up,6.79027359105052,0.00240215196641441,17.786439394977
412,412,ENSMUSG00000055170,Ifng,Up,3.66886028625458,1.89175263846919e-05,17.3285248188947
413,413,ENSMUSG00000042828,Trim72,Up,17.0619338766452,0.0979701870616953,17.2138885298729
414,414,ENSMUSG00000102509,ENSMUSG00000102509,Up,8.92432841412735,0.0120358745251774,17.1304478358989
415,415,ENSMUSG00000091956,C2cd4b,Up,9.64459070176957,0.0172955965871669,16.9943904394838
416,416,ENSMUSG00000031342,Gpm6b,Up,5.94519089438286,0.00143409467847668,16.9046876280809
417,417,ENSMUSG00000022114,Spry2,Up,4.27724302930012,0.000111647231068933,16.9043147778207
418,418,ENSMUSG00000015968,Cacna1d,Up,6.07722881869124,0.00167683800604849,16.8674026199337
419,419,ENSMUSG00000027983,Cyp2u1,Up,7.40351453842209,0.0053552040637494,16.8150397220765
420,420,ENSMUSG00000108940,ENSMUSG00000108940,Up,12.3567093568933,0.0481321087063655,16.2807691368377
421,421,ENSMUSG00000059027,ENSMUSG00000059027,Up,8.40364143661148,0.0118885489545985,16.1759269524268
422,422,ENSMUSG00000025870,Arl10,Up,7.55987807927631,0.00806691726372793,15.8250353075948
423,423,ENSMUSG00000103432,ENSMUSG00000103432,Up,4.54349516958596,0.000374192431465065,15.5701263183339
424,424,ENSMUSG00000071552,Tigit,Up,4.13476089251905,0.00018782477447959,15.4071408839429
425,425,ENSMUSG00000026463,Atp2b4,Up,3.9987822061141,0.000149466193345456,15.2971694861993
426,426,ENSMUSG00000027215,Cd82,Up,1.92769809581667,1.2511778922828e-08,15.2339829960158
427,427,ENSMUSG00000001020,S100a4,Up,3.93344756394357,0.000135818427263794,15.2108041923195
428,428,ENSMUSG00000022661,Cd200,Up,4.94019712498791,0.000842228637264908,15.1889818542371
429,429,ENSMUSG00000045934,Mtmr11,Up,12.3040858354768,0.0585645775596648,15.1631245565311
430,430,ENSMUSG00000032089,Il10ra,Up,3.09342826043596,1.31166630080887e-05,15.1026631880196
431,431,ENSMUSG00000081968,Rpl23a-ps2,Up,8.65974436584257,0.0201358121212343,14.6871935946326
432,432,ENSMUSG00000019256,Ahr,Up,6.34227996840639,0.00531604822859826,14.424951881294
433,433,ENSMUSG00000030103,Bhlhe40,Up,4.59307929788818,0.000735160908743808,14.3929540988236
434,434,ENSMUSG00000084860,ENSMUSG00000084860,Up,9.25857272314063,0.0282837449235334,14.3365581101589
435,435,ENSMUSG00000030917,Tmem159,Up,7.55393672394703,0.0126543821648663,14.3355518104492
436,436,ENSMUSG00000031618,Nr3c2,Up,8.91364253888223,0.0259497155000003,14.1358551103742
437,437,ENSMUSG00000020614,Fam20a,Up,9.00892963434744,0.0272391780328326,14.0972271615814
438,438,ENSMUSG00000041481,Serpina3g,Up,4.02590145689781,0.00031931958221843,14.0736434416173
439,439,ENSMUSG00000119149,Gm26189,Up,8.20904748111754,0.0208147247607432,13.8045749954445
440,440,ENSMUSG00000029084,Cd38,Up,4.78314442788323,0.00132370703426471,13.7668851470863
441,441,ENSMUSG00000022636,Alcam,Up,4.82036866851301,0.00149226085055272,13.6231102415082
442,442,ENSMUSG00000045078,Rnf216,Up,4.38104277281755,0.000777055974282252,13.6230614611569
443,443,ENSMUSG00000046591,Ticrr,Up,7.66479825731072,0.0176717416200153,13.4342501602601
444,444,ENSMUSG00000084048,ENSMUSG00000084048,Up,8.20431072776,0.0231921469168232,13.4112507513514
445,445,ENSMUSG00000037211,Spry1,Up,5.68950946692115,0.00456291917374683,13.3177603864415
446,446,ENSMUSG00000093979,Gm2237,Up,6.80688109777375,0.0112889225889066,13.2553629227247
447,447,ENSMUSG00000055322,Tns1,Up,6.96620985055397,0.0126991199754393,13.209510843855
448,448,ENSMUSG00000110697,ENSMUSG00000110697,Up,7.78942142144267,0.0205899508087792,13.1356494596128
449,449,ENSMUSG00000103632,ENSMUSG00000103632,Up,6.78795334840493,0.0117817559876098,13.0925363772908
450,450,ENSMUSG00000040841,Six5,Up,7.99448435265128,0.0247012893729079,12.849377820904
451,451,ENSMUSG00000041390,Mdfic,Up,3.70220015586878,0.000425632827856839,12.4799867171792
452,452,ENSMUSG00000046876,Atxn1,Up,2.91134520593738,5.57187528800844e-05,12.3848584671368
453,453,ENSMUSG00000038764,Ptpn3,Up,7.49258816994563,0.0232693715171613,12.2370099835728
454,454,ENSMUSG00000110970,Olfr156,Up,7.41023956952151,0.0225190891968853,12.2079930939907
455,455,ENSMUSG00000035062,Zc4h2,Up,8.55490145940013,0.0378357972376019,12.1659006467652
456,456,ENSMUSG00000024812,Tjp2,Up,5.61514230356668,0.00709086587515063,12.0686294481599
457,457,ENSMUSG00000086152,ENSMUSG00000086152,Up,8.07834149947142,0.0329195377865155,11.9765150676606
458,458,ENSMUSG00000066026,Dhrs3,Up,7.13298283139703,0.0211350649100084,11.9477206639116
459,459,ENSMUSG00000008496,Pou2f2,Up,2.77928919714363,6.75559795155825e-05,11.5905703620763
460,460,ENSMUSG00000032109,Nlrx1,Up,7.3212569859501,0.0267807643757573,11.5103120752195
461,461,ENSMUSG00000038725,Pkhd1l1,Up,5.92722348398609,0.0117817559876098,11.432369242587
462,462,ENSMUSG00000030830,Itgal,Up,1.47745585262387,2.37978971734849e-08,11.2633276867904
463,463,ENSMUSG00000039114,Nrn1,Up,5.06483367909819,0.00660093238553542,11.0433365901967
464,464,ENSMUSG00000039153,Runx2,Up,3.24965049428453,0.000462412519212798,10.8374882623208
465,465,ENSMUSG00000025321,Itgb8,Up,7.47100073389081,0.0355079096859233,10.8305221926049
466,466,ENSMUSG00000032737,Inppl1,Up,7.19940118160149,0.0314252994809016,10.8186882820214
467,467,ENSMUSG00000038943,Prc1,Up,4.59247133034128,0.00441589698611481,10.8151830307854
468,468,ENSMUSG00000087176,ENSMUSG00000087176,Up,7.17401737380998,0.0312612647808115,10.7968491943629
469,469,ENSMUSG00000030302,Atp2b2,Up,7.78747181621033,0.0413765222896986,10.7719893545977
470,470,ENSMUSG00000027009,Itga4,Up,1.8622732383738,1.70399262553192e-06,10.7425833066614
471,471,ENSMUSG00000026782,Abi2,Up,4.45359874598727,0.00400356695137155,10.6777386085616
472,472,ENSMUSG00000023048,Prr13,Up,1.88298816085718,2.43203958177775e-06,10.5711508217303
473,473,ENSMUSG00000039232,Stx11,Up,4.28512063034416,0.00382175613158332,10.3602948215991
474,474,ENSMUSG00000067336,Bmpr2,Up,6.09767746480677,0.0202784888557603,10.3231509411521
475,475,ENSMUSG00000028078,Dclk2,Up,7.43626792029983,0.041840645590536,10.2501637706682
476,476,ENSMUSG00000018168,Ikzf3,Up,2.01305270619742,9.7134933709217e-06,10.0906774193078
477,477,ENSMUSG00000029994,Anxa4,Up,4.78816739827805,0.00841589426463879,9.9349672396416
478,478,ENSMUSG00000031327,Chic1,Up,5.41248486126284,0.0165647768683327,9.63863103374706
479,479,ENSMUSG00000029075,Tnfrsf4,Up,4.92637010497554,0.0110972773603752,9.62998728807416
480,480,ENSMUSG00000056737,Capg,Up,3.69889723954609,0.00288994059765132,9.39191097957371
481,481,ENSMUSG00000069833,Ahnak,Up,1.96363598516849,1.66630151944029e-05,9.38273659601734
482,482,ENSMUSG00000057766,Ankrd29,Up,6.44290915370145,0.0352880545758213,9.35750268031619
483,483,ENSMUSG00000029608,Rph3a,Up,7.82195116155368,0.0655986652221413,9.25418950866158
484,484,ENSMUSG00000018983,E2f2,Up,4.03613084773389,0.00514765255928724,9.23624459249756
485,485,ENSMUSG00000043733,Ptpn11,Up,2.74876100247007,0.00044388986472945,9.21583910265577
486,486,ENSMUSG00000020155,Kcnmb1,Up,8.66423557673647,0.0867619922124102,9.19856318132679
487,487,ENSMUSG00000025936,Gm4956,Up,4.68838129487418,0.0122100902564945,8.97019144183008
488,488,ENSMUSG00000055435,Maf,Up,3.7055991608233,0.0041644622521396,8.82096043185937
489,489,ENSMUSG00000075602,Ly6a,Up,2.72584733065754,0.000604085869878927,8.77423357812342
490,490,ENSMUSG00000002489,Tiam1,Up,5.74843429709368,0.0301098702723663,8.74504202495299
491,491,ENSMUSG00000029822,Osbpl3,Up,2.90067905540159,0.00103590273826226,8.65760171867472
492,492,ENSMUSG00000049001,Ndnf,Up,5.41873701654204,0.0258266840428258,8.60458238857212
493,493,ENSMUSG00000031390,Avpr2,Up,8.24965398023205,0.0913882839580796,8.57229363739932
494,494,ENSMUSG00000006310,Zbtb32,Up,4.362311429638,0.0109545736979275,8.55189503792341
495,495,ENSMUSG00000073755,5730409E04Rik,Up,8.34658483612067,0.0981886263503018,8.4128468346004
496,496,ENSMUSG00000040694,Apobec2,Up,4.95466193082927,0.0201507029365053,8.40166878853984
497,497,ENSMUSG00000023911,Flywch2,Up,8.22448840318383,0.0964835950483239,8.35235059947212
498,498,ENSMUSG00000104117,Gm20743,Up,4.91870501882345,0.0220347440328844,8.14976294743534
499,499,ENSMUSG00000015222,Map2,Up,6.98783384020735,0.0692748810366515,8.10186373918482
500,500,ENSMUSG00000104053,ENSMUSG00000104053,Up,3.30322858548604,0.00368903550861508,8.03704307267182
501,501,ENSMUSG00000044258,Ctla2a,Up,1.91606909395005,6.62915994380855e-05,8.00637423072348
502,502,ENSMUSG00000118607,Gm7592,Up,5.85152158031256,0.0435077813293854,7.96645494772755
503,503,ENSMUSG00000112744,ENSMUSG00000112744,Up,6.95320595052513,0.0759974347430994,7.78203551801823
504,504,ENSMUSG00000044629,Cnrip1,Up,4.23280203607003,0.0151932621135433,7.69671122108466
505,505,ENSMUSG00000042121,Ssh1,Up,2.60092305947147,0.00119475156494046,7.601776065651
506,506,ENSMUSG00000085471,ENSMUSG00000085471,Up,6.95887659117937,0.0856935911001604,7.42548079830439
507,507,ENSMUSG00000015314,Slamf6,Up,1.86847533537847,0.000106497772794015,7.42281624415599
508,508,ENSMUSG00000024754,Cemip2,Up,4.45978421263111,0.0218972954964652,7.40150034060164
509,509,ENSMUSG00000026483,Niban1,Up,3.50128863468398,0.00811288002407931,7.32058162216591
510,510,ENSMUSG00000068220,Lgals1,Up,1.85858292920439,0.000115188946724815,7.32019463897288
511,511,ENSMUSG00000062591,Tubb4a,Up,6.53945737985559,0.0775694500101843,7.2608202661454
512,512,ENSMUSG00000033016,Nfatc1,Up,1.39906914499781,7.08260663819226e-06,7.20493590552445
513,513,ENSMUSG00000068227,Il2rb,Up,1.37293002436495,6.67247682507948e-06,7.10589167350891
514,514,ENSMUSG00000079227,Ccr5,Up,3.51706752715616,0.00972492051646059,7.07674059774829
515,515,ENSMUSG00000003847,Nfat5,Up,2.34610361469698,0.00118213571156152,6.86782574140702
516,516,ENSMUSG00000050335,Lgals3,Up,4.06562688952818,0.0205899508087792,6.85604832053458
517,517,ENSMUSG00000054469,Lclat1,Up,2.97937092425566,0.00536933919834147,6.76340784326841
518,518,ENSMUSG00000027078,Ube2l6,Up,4.2510627895274,0.0258266840428258,6.75039587634839
519,519,ENSMUSG00000026011,Ctla4,Up,2.63271871650331,0.00283791984550664,6.70553424174489
520,520,ENSMUSG00000015112,Slc25a13,Up,4.42978421272203,0.0323165679138592,6.60292457701909
521,521,ENSMUSG00000001542,Ell2,Up,4.24932850380168,0.0281657491898393,6.58764343618024
522,522,ENSMUSG00000075268,ENSMUSG00000075268,Up,4.35129929228866,0.0313139289468183,6.54549608275602
523,523,ENSMUSG00000029401,Rilpl2,Up,2.6779334687441,0.00400356695137155,6.4204871658301
524,524,ENSMUSG00000041272,Tox,Up,1.74061050680997,0.000213474508976117,6.38917887873165
525,525,ENSMUSG00000033126,Ybey,Up,5.12669172540282,0.0576829038061667,6.35172950362559
526,526,ENSMUSG00000026009,Icos,Up,1.89049101554407,0.000474287950576522,6.28391256222801
527,527,ENSMUSG00000002233,Rhoc,Up,5.1767141411138,0.0633040714357969,6.20464576380093
528,528,ENSMUSG00000030167,Klrc1,Up,3.26288627075088,0.0138715178331055,6.0620381436034
529,529,ENSMUSG00000048922,Cdca2,Up,5.09720993447358,0.0696265929972503,5.8986180294464
530,530,ENSMUSG00000059866,Tnip2,Up,3.57856158905479,0.0225725254626113,5.89181482895888
531,531,ENSMUSG00000099974,Bcl2a1d,Up,2.79407416329118,0.00794504510643839,5.86728648588514
532,532,ENSMUSG00000108095,ENSMUSG00000108095,Up,5.50883461363556,0.0865716807640357,5.85382070265928
533,533,ENSMUSG00000058297,Spock2,Up,4.72555150635672,0.0624830593839132,5.69068734373304
534,534,ENSMUSG00000051998,Lax1,Up,1.64589930498541,0.000350724719646926,5.68663743922563
535,535,ENSMUSG00000089929,Bcl2a1b,Up,2.09668649733207,0.0019622320368572,5.67625376079872
536,536,ENSMUSG00000019907,Ppp1r12a,Up,1.40922996204782,9.43414507772621e-05,5.6725697719676
537,537,ENSMUSG00000026123,Plekhb2,Up,2.32807740240801,0.00368137865542708,5.66651597603281
538,538,ENSMUSG00000038034,Igsf8,Up,4.36038904875024,0.0512711735535403,5.62545451650841
539,539,ENSMUSG00000074923,Pak6,Up,4.81969155423284,0.0729017912880929,5.48125109430534
540,540,ENSMUSG00000097354,2310001H17Rik,Up,1.93214316268519,0.00147274967464491,5.47158031494712
541,541,ENSMUSG00000022900,Ildr1,Up,3.5991706451607,0.0324718376115782,5.35734079179188
542,542,ENSMUSG00000059325,Hopx,Up,2.62902396927211,0.00948890568416102,5.3179472790252
543,543,ENSMUSG00000020828,Pld2,Up,5.01897941667165,0.0935165062434179,5.16509057372096
544,544,ENSMUSG00000051335,Gfod1,Up,3.07686508045431,0.0211350649100084,5.1537379762082
545,545,ENSMUSG00000100170,ENSMUSG00000100170,Up,3.58195347318429,0.040154866737086,5.0013448435954
546,546,ENSMUSG00000004612,Nkg7,Up,1.17883042636501,6.23649286083086e-05,4.95705216635295
547,547,ENSMUSG00000030447,Cyfip1,Up,3.69407835382471,0.0494737344477473,4.82308218241665
548,548,ENSMUSG00000039942,Ptger4,Up,2.06383090419966,0.00495262702920827,4.75746947946174
549,549,ENSMUSG00000089809,A930011G23Rik,Up,4.59141716417693,0.0928852300713757,4.73858741430698
550,550,ENSMUSG00000030149,Klrk1,Up,1.93092629346706,0.0040938556237958,4.61079609757281
551,551,ENSMUSG00000031628,Casp3,Up,2.48057763483534,0.0140104296854234,4.59787106617148
552,552,ENSMUSG00000107761,ENSMUSG00000107761,Up,4.06510870006979,0.0747054318305669,4.57994585293482
553,553,ENSMUSG00000028634,Hivep3,Up,2.35214042346479,0.0122100902564945,4.50030587734283
554,554,ENSMUSG00000020644,Id2,Up,1.31189595383508,0.000400850526742201,4.45653356763875
555,555,ENSMUSG00000034160,Ogt,Up,1.22583809353524,0.000234619305177347,4.44934638791711
556,556,ENSMUSG00000035042,Ccl5,Up,1.89841677093158,0.00493352816695626,4.37934827716168
557,557,ENSMUSG00000075010,AW112010,Up,1.21645456246031,0.000264438428569605,4.35207960263154
558,558,ENSMUSG00000026014,Raph1,Up,3.06640566914882,0.0381990594288844,4.34800173292382
559,559,ENSMUSG00000028885,Smpdl3b,Up,3.5970043633647,0.0650759010820132,4.26813275283286
560,560,ENSMUSG00000037759,Ptger2,Up,3.83014747847654,0.0775694500101843,4.25264831906624
561,561,ENSMUSG00000074785,Plxnc1,Up,2.76727034086003,0.0315973348878127,4.15187280201945
562,562,ENSMUSG00000029687,Ezh2,Up,2.04928350111689,0.0104121105768733,4.06262508680033
563,563,ENSMUSG00000026393,Nek7,Up,1.53031287059138,0.00277946799936831,3.9115383414611
564,564,ENSMUSG00000026872,Zeb2,Up,3.4228950387379,0.075218637591091,3.84621999808149
565,565,ENSMUSG00000020120,Plek,Up,2.1782038447951,0.0184391500931479,3.77756984068273
566,566,ENSMUSG00000019843,Fyn,Up,1.27922999505925,0.00124393430298809,3.7164222511295
567,567,ENSMUSG00000027087,Itgav,Up,2.34514076740924,0.028199414555474,3.63440513976095
568,568,ENSMUSG00000005824,Tnfsf14,Up,3.04341233067427,0.0651060107092176,3.61064021784518
569,569,ENSMUSG00000047945,Marcksl1,Up,3.4879259836944,0.0985951534331166,3.5093573105728
570,570,ENSMUSG00000028599,Tnfrsf1b,Up,1.84935849152624,0.0127453514463345,3.50388370862379
571,571,ENSMUSG00000032562,Gnai2,Up,1.2874711715628,0.00204696241537527,3.46186852770176
572,572,ENSMUSG00000038679,Trps1,Up,2.68157580064217,0.0519720466985477,3.44376057312857
573,573,ENSMUSG00000032640,Chsy1,Up,1.74407913574214,0.010672288825167,3.43887483307336
574,574,ENSMUSG00000026068,Il18rap,Up,2.12520674127946,0.0266481541507406,3.34578282421886
575,575,ENSMUSG00000031246,Sh3bgrl,Up,1.73135597378997,0.0121024249575312,3.31923032549808
576,576,ENSMUSG00000028173,Wls,Up,1.95054697557749,0.0207997527691114,3.28070654401689
577,577,ENSMUSG00000051354,Samd3,Up,1.97267539129872,0.0218972954964652,3.27387086111506
578,578,ENSMUSG00000020128,Vps54,Up,1.54040937493741,0.00780178396103447,3.24688424601753
579,579,ENSMUSG00000033502,Cdc14a,Up,2.39077344690866,0.0453615627497336,3.21155464136904
580,580,ENSMUSG00000021109,Hif1a,Up,1.90582187715397,0.0211350649100084,3.19224481000856
581,581,ENSMUSG00000045777,Ifitm10,Up,1.53552654707694,0.00838767333714851,3.18830358530058
582,582,ENSMUSG00000001794,Capns1,Up,1.8863672727012,0.020694920476254,3.1768994823414
583,583,ENSMUSG00000040111,Gramd1b,Up,2.11050690807127,0.0325154826113852,3.14024390217523
584,584,ENSMUSG00000039158,Akna,Up,0.933332444844814,0.000465553322682917,3.10989223765254
585,585,ENSMUSG00000011256,Adam19,Up,1.32093294673198,0.00467868363256376,3.07761039333421
586,586,ENSMUSG00000075033,Nxpe3,Up,1.94748140831129,0.0298405053619888,2.970286620538
587,587,ENSMUSG00000032021,Crtam,Up,1.41507221758872,0.00828151917493405,2.94602468243818
588,588,ENSMUSG00000030413,Pglyrp1,Up,1.41996604504873,0.00842714754100994,2.94546311808062
589,589,ENSMUSG00000050965,Prkca,Up,1.63838374300667,0.0201507029365053,2.77822336810098
590,590,ENSMUSG00000047454,Gphn,Up,2.36412800067577,0.0821891813948052,2.56551706029527
591,591,ENSMUSG00000031902,Nfatc3,Up,1.14079758777669,0.00664858946264002,2.4838249150045
592,592,ENSMUSG00000040596,Pogk,Up,2.3671273344951,0.0898915125708232,2.47668109273395
593,593,ENSMUSG00000045679,Pqlc3,Up,2.26191573096757,0.0824136136005843,2.4519190112639
594,594,ENSMUSG00000024095,Hnrnpll,Up,2.08323790593133,0.0673598110833896,2.44071973801374
595,595,ENSMUSG00000060147,Serpinb6a,Up,2.02144250679353,0.0642979845837226,2.4091605157916
596,596,ENSMUSG00000039981,Zc3h12d,Up,1.97927651474203,0.060963799659544,2.40467840361663
597,597,ENSMUSG00000025283,Sat1,Up,1.11458015627506,0.00840333555779189,2.3133649419727
598,598,ENSMUSG00000067577,A430093F15Rik,Up,2.1421584603398,0.0861682471374322,2.28065487758061
599,599,ENSMUSG00000020454,Eif4enif1,Up,1.87688288827035,0.0613237862274219,2.27547845726342
600,600,ENSMUSG00000022876,Samsn1,Up,1.60457236432781,0.0383760883492535,2.27197706185789
601,601,ENSMUSG00000021939,Ctsb,Up,1.32375038263609,0.019973045764001,2.24978751202399
602,602,ENSMUSG00000032020,Ubash3b,Up,2.00101171822383,0.075218637591091,2.24848591614007
603,603,ENSMUSG00000051457,Spn,Up,1.27141852606547,0.018046145227561,2.21686511507289
604,604,ENSMUSG00000036452,Arhgap26,Up,1.53432753606465,0.0381990594288844,2.17559563393766
605,605,ENSMUSG00000015355,Cd48,Up,1.07859547281182,0.00994655365462808,2.15970123670805
606,606,ENSMUSG00000046169,Adamts6,Up,1.87891751758631,0.0743918817693361,2.12031042262137
607,607,ENSMUSG00000068923,Syt11,Up,1.77920285866314,0.0659033634104146,2.10140301073687
608,608,ENSMUSG00000024480,Ap3s1,Up,1.71845902303584,0.0606661434346046,2.09145676176817
609,609,ENSMUSG00000021549,Rasa1,Up,1.40725875914558,0.0352880545758213,2.04386361757685
610,610,ENSMUSG00000040584,Abcb1a,Up,1.60198456546977,0.0543550196189716,2.0261265487707
611,611,ENSMUSG00000028245,Nsmaf,Up,1.31705399600478,0.0319328966137031,1.96999890441127
612,612,ENSMUSG00000108132,ENSMUSG00000108132,Up,1.406908855434,0.0398960482902153,1.9683641399615
613,613,ENSMUSG00000027177,Hipk3,Up,1.73818251789675,0.0750082026178631,1.95526628995975
614,614,ENSMUSG00000052310,Slc39a1,Up,1.70393732309798,0.0729017912880929,1.93782282782309
615,615,ENSMUSG00000007891,Ctsd,Up,1.34601682465885,0.0452405226559139,1.8096824523685
616,616,ENSMUSG00000026728,Vim,Up,1.0753376732372,0.0271831284504765,1.6836568000438
617,617,ENSMUSG00000096780,ENSMUSG00000096780,Up,1.41898959615836,0.0735738741025348,1.60810738593136
618,618,ENSMUSG00000017291,Taok1,Up,1.28738330813373,0.0569314833012625,1.60233841712854
619,619,ENSMUSG00000010609,Psen2,Up,1.32555461729841,0.0629218707808226,1.59225405028127
620,620,ENSMUSG00000028496,Mllt3,Up,1.21667365056476,0.0492144844317536,1.59129605750823
621,621,ENSMUSG00000054693,Adam10,Up,1.12889573096225,0.0389419541107213,1.59127139500165
622,622,ENSMUSG00000028656,Cap1,Up,1.09183863461255,0.0421058938114629,1.5019955797354
623,623,ENSMUSG00000026155,Smap1,Up,1.01829787307239,0.0398960482902153,1.42467012657793
624,624,ENSMUSG00000037486,Asxl2,Up,1.30577601801151,0.0826610144156892,1.41376274065044
625,625,ENSMUSG00000026102,Inpp1,Up,1.17585494258597,0.0676384678379711,1.37552244764413
626,626,ENSMUSG00000044715,Gskip,Up,1.1025027852222,0.0581787254340348,1.36185090704749
627,627,ENSMUSG00000005696,Sh2d1a,Up,1.10820863706611,0.0615815831000533,1.34154102442519
628,628,ENSMUSG00000026721,Rabgap1l,Up,1.13245188337504,0.0658644311049254,1.33782096223918
629,629,ENSMUSG00000038014,Fam120a,Up,1.07831627621345,0.0699937500169866,1.24539139574446
630,630,ENSMUSG00000019943,Atp2b1,Up,0.902810721252368,0.0683118261671885,1.05222960129416
631,631,ENSMUSG00000024063,Lbh,Up,0.914964565920653,0.0826610144156892,0.990631467013674
