gene,Geneid,dfin_log2FC,dfin_padj,dfin_Change Metric
Fam171b,Fam171b_1,-3.859918355,3.22E-66,-252.7939734
Slc6a20b,Slc6a20b_1,-3.767311852,9.46E-50,-184.6896849
Hps3,Hps3,-5.733257765,3.14E-32,-180.6152824
Gm5303,Gm5303_1,-4.479050583,1.49E-40,-178.3812497
Gm5303,Gm5303,-3.832761162,5.47E-40,-150.4815286
ENSMUSG00000096832,ENSMUSG00000096832,-4.556177955,2.44E-29,-130.3624377
Fam3c,Fam3c_3,-4.743452587,3.79E-28,-130.0693198
ENSMUSG00000101269,ENSMUSG00000101269_1,-3.72423761,7.05E-33,-119.7418505
Pkd1l3,Pkd1l3_1,-3.773628748,3.87E-31,-114.7667467
ENSMUSG00000100522,ENSMUSG00000100522,-3.385426333,3.40E-34,-113.3073507
ENSMUSG00000078289,ENSMUSG00000078289,-3.942949536,1.09E-27,-106.3142615
Ccdc152,Ccdc152_1,-3.755887013,2.65E-28,-103.5759738
Zfp704,Zfp704,-3.796823029,6.35E-28,-103.2633514
Gm22501,Gm22501,-4.194897563,8.50E-25,-100.9737703
Dock9,Dock9_3,-3.726598745,5.65E-25,-90.36201181
Hp,Hp,-4.307982288,1.38E-21,-89.86325151
Sim2,Sim2,-4.483042382,9.20E-21,-89.82390505
ENSMUSG00000071040,ENSMUSG00000071040_1,-2.726849016,1.51E-33,-89.50077324
Fbxo15,Fbxo15_1,-4.089560146,8.33E-22,-86.20487811
Akap6,Akap6,-3.02467652,8.77E-29,-84.86339729
Reep1,Reep1,-3.934370542,3.11E-22,-84.61713032
Kcnk2,Kcnk2_1,-3.486886231,1.30E-24,-83.29112701
9130015L21Rik,9130015L21Rik,-4.289920461,2.19E-19,-80.04557401
Fbxo34,Fbxo34,-3.825528333,8.70E-21,-76.74103114
Cntn5,Cntn5_5,-4.244575444,1.62E-18,-75.51630676
Gm9949,Gm9949,-3.382849362,7.95E-23,-74.75983929
Gm16130,Gm16130,-4.094376362,5.82E-19,-74.66195343
Pdx1,Pdx1,-2.780733927,3.69E-27,-73.50410095
Got1l1,Got1l1,-3.87416191,6.15E-19,-70.55417886
Rtn4rl1,Rtn4rl1,-2.416988656,2.26E-28,-66.81894806
Ube2s,Ube2s_1,-3.6642937,6.85E-19,-66.55924628
ENSMUSG00000081490,ENSMUSG00000081490,-3.02696215,1.77E-22,-65.84060078
Trub1,Trub1,-3.807134218,6.75E-18,-65.37109961
Dhodh,Dhodh,-3.37118963,6.37E-20,-64.71204757
Eef2kmt,Eef2kmt_1,-2.998161366,1.41E-21,-62.51275846
ENSMUSG00000102027,ENSMUSG00000102027,-2.843843863,3.10E-22,-61.16694087
Gpr83,Gpr83,-3.199416844,1.11E-19,-60.64613994
Ddx50,Ddx50_1,-2.636611638,1.46E-22,-57.57331238
Eef2kmt,Eef2kmt,-3.154856407,6.26E-19,-57.42837936
ENSMUSG00000087611,ENSMUSG00000087611_4,-2.037004937,1.64E-27,-54.56292392
ENSMUSG00000093115,ENSMUSG00000093115,-3.391760562,1.43E-16,-53.74553316
A530021J07Rik,A530021J07Rik,-3.425050198,6.19E-16,-52.08989951
ENSMUSG00000085819,ENSMUSG00000085819,-2.086565058,1.44E-25,-51.83475843
ENSMUSG00000076385,ENSMUSG00000076385_1,-3.701127416,1.08E-14,-51.69617884
Armh2,Armh2,-2.816938976,5.57E-19,-51.42043304
Mir6368,Mir6368_2,-2.756642013,2.34E-19,-51.35969389
Gm18801,Gm18801,-2.11677928,1.93E-24,-50.19908334
ENSMUSG00000062284,ENSMUSG00000062284,-2.716865974,5.36E-19,-49.63873163
Rfpl4b,Rfpl4b,-1.757521986,4.60E-28,-48.04557678
Nfkbia,Nfkbia_2,-2.246770823,7.41E-22,-47.47409096
ENSMUSG00000103047,ENSMUSG00000103047,-1.533049592,1.64E-31,-47.19583536
Tigd2,Tigd2_1,-2.941818325,2.63E-16,-45.83490655
ENSMUSG00000087594,ENSMUSG00000087594,-2.331667552,2.72E-20,-45.61991795
Gm7457,Gm7457_3,-3.176624141,4.82E-15,-45.4789196
Itpripl2,Itpripl2,-3.600458693,2.79E-13,-45.20350644
Them4,Them4,-2.404466623,2.44E-19,-44.7540871
4930412B13Rik,4930412B13Rik,-3.680969856,2.03E-12,-43.04347238
ENSMUSG00000093165,ENSMUSG00000093165_4,-2.494851531,6.24E-18,-42.9238817
Cttnbp2nl,Cttnbp2nl,-2.57423809,2.46E-17,-42.75414905
Srsf12,Srsf12_1,-1.733796975,4.81E-25,-42.16270574
Gabrr2,Gabrr2_1,-3.069106886,2.27E-14,-41.87320101
Mir6983,Mir6983,-3.188576283,7.91E-14,-41.7766049
Nav2,Nav2_1,-4.584276196,9.94E-10,-41.26971354
Nnmt,Nnmt,-2.538112561,5.59E-17,-41.25105078
Inhba,Inhba_1,-2.741359094,1.02E-15,-41.096698
ENSMUSG00000093684,ENSMUSG00000093684_2,-3.132292166,1.04E-13,-40.66555825
Dock9,Dock9_4,-2.428279767,1.90E-17,-40.60336844
ENSMUSG00000098674,ENSMUSG00000098674_2,-2.628005808,4.68E-16,-40.28778181
Gm17967,Gm17967_1,-2.695528826,1.32E-15,-40.10892258
Hacd1,Hacd1,-2.632384634,8.09E-16,-39.72858567
Csf1r,Csf1r,-3.36932493,2.03E-12,-39.39409325
Ext1,Ext1_2,-2.582167605,7.42E-16,-39.06738505
Usp12,Usp12_1,-2.19042404,1.72E-18,-38.91006032
ENSMUSG00000100078,ENSMUSG00000100078_2,-2.135536132,1.43E-18,-38.10503475
Atp2b1,Atp2b1_6,-2.542935178,1.17E-15,-37.96834453
ENSMUSG00000083665,ENSMUSG00000083665,-2.294239588,2.94E-17,-37.92661798
Itsn2,Itsn2,-3.199021067,1.55E-12,-37.78151344
ENSMUSG00000097580,ENSMUSG00000097580,-1.793991475,9.94E-22,-37.6786842
Olfr205,Olfr205,-2.755891419,2.19E-14,-37.64553907
ENSMUSG00000103107,ENSMUSG00000103107,-3.562401402,3.04E-11,-37.46571842
Elac1,Elac1_3,-2.440804735,9.43E-16,-36.67421287
Eipr1,Eipr1_3,-2.236789424,4.34E-17,-36.59849169
Nfatc1,Nfatc1_4,-1.871339719,3.69E-20,-36.36494964
Asb1,Asb1,-3.29420223,9.71E-12,-36.27799171
Itga9,Itga9,-1.881540166,5.63E-20,-36.21839515
Atp6v0d2,Atp6v0d2_1,-2.474602491,2.58E-15,-36.09874556
ENSMUSG00000089639,ENSMUSG00000089639_1,-2.868322169,3.52E-13,-35.72206382
Fadd,Fadd,-3.035353169,1.82E-12,-35.63470146
Larp4b,Larp4b_2,-2.496263518,8.15E-15,-35.1693264
Nr2e1,Nr2e1_1,-1.660570179,1.32E-21,-34.6693177
Gm25186,Gm25186,-1.786339588,4.46E-20,-34.56762881
ENSMUSG00000103648,ENSMUSG00000103648_1,-2.424130937,9.84E-15,-33.95526578
ENSMUSG00000103834,ENSMUSG00000103834,-3.192946615,2.66E-11,-33.76825373
Dhx38,Dhx38,-3.276175462,5.42E-11,-33.63202874
Kcnq4,Kcnq4,-2.571445211,8.36E-14,-33.62894505
Tsen2,Tsen2_1,-3.37498592,1.25E-10,-33.41772787
Arsj,Arsj,-2.92559978,4.79E-12,-33.1160484
ENSMUSG00000102565,ENSMUSG00000102565_1,-2.702368256,6.99E-13,-32.84843743
ENSMUSG00000088683,ENSMUSG00000088683_1,-1.987066129,2.95E-17,-32.847385
ENSMUSG00000100435,ENSMUSG00000100435,-2.722431426,8.73E-13,-32.82951873
Smco4,Smco4_2,-2.221295411,2.26E-15,-32.53472619
Gm5709,Gm5709,-1.862380958,4.48E-18,-32.31042696
Mybl2,Mybl2,-1.566589184,7.42E-21,-31.53496835
ENSMUSG00000088522,ENSMUSG00000088522_7,-2.646373756,2.05E-12,-30.93186414
Amer2,Amer2,-1.927611607,1.18E-16,-30.70060353
Gm15555,Gm15555,-2.027217047,8.71E-16,-30.52965456
Stt3b,Stt3b,-2.268624191,3.93E-14,-30.41262875
ENSMUSG00000082836,ENSMUSG00000082836_1,-2.647796481,3.42E-12,-30.36107369
ENSMUSG00000082705,ENSMUSG00000082705,-3.449825985,1.63E-09,-30.31933463
ENSMUSG00000086445,ENSMUSG00000086445,-3.019335884,1.24E-10,-29.90726708
Memo1,Memo1_1,-2.548426277,2.02E-12,-29.80143991
Zfp114,Zfp114_1,-2.321227935,1.74E-13,-29.61639019
4930445N18Rik,4930445N18Rik_1,-2.380385709,4.36E-13,-29.42346806
Cldn23,Cldn23,-3.23649925,1.13E-09,-28.95286995
Duoxa2,Duoxa2,-3.166522274,8.00E-10,-28.80593854
Cenpe,Cenpe_2,-2.406764594,1.27E-12,-28.6339238
ENSMUSG00000097495,ENSMUSG00000097495_2,-1.623223745,2.31E-18,-28.62667054
ENSMUSG00000103488,ENSMUSG00000103488,-1.950303642,2.14E-15,-28.61055821
Gm8614,Gm8614,-2.727899811,3.63E-11,-28.47989362
ENSMUSG00000076951,ENSMUSG00000076951,-2.290012024,4.37E-13,-28.30379515
ENSMUSG00000102992,ENSMUSG00000102992_2,-2.20185114,1.54E-13,-28.20961621
Dip2b,Dip2b,-1.643921748,7.71E-18,-28.13261748
ENSMUSG00000096849,ENSMUSG00000096849_5,-2.446257808,4.93E-12,-27.6604393
Med30,Med30_5,-1.716276094,9.59E-17,-27.49137996
Chl1,Chl1_1,-2.584990548,2.33E-11,-27.48558959
Atpsckmt,Atpsckmt,-2.119457312,1.15E-13,-27.42790053
Nphp1,Nphp1,-1.460427067,1.69E-19,-27.41589124
Hrg,Hrg_2,-1.945194509,1.47E-14,-26.9067335
ENSMUSG00000072421,ENSMUSG00000072421_1,-2.311395127,2.31E-12,-26.89770603
Htr2a,Htr2a,-2.817240847,3.68E-10,-26.5783119
Dusp4,Dusp4,-1.476055274,1.51E-18,-26.30690727
ENSMUSG00000089506,ENSMUSG00000089506,-2.545242208,4.71E-11,-26.28359817
Cenpe,Cenpe_3,-2.251332562,2.38E-12,-26.16890079
ENSMUSG00000087652,ENSMUSG00000087652,-2.313595994,5.29E-12,-26.09031526
Irag2,Irag2,-2.249026807,3.21E-12,-25.84901189
Ddx11,Ddx11_4,-3.003658398,2.75E-09,-25.71388555
Gm13203,Gm13203_1,-1.772162918,3.28E-15,-25.66761963
Iqca1l,Iqca1l_2,-1.902964709,3.59E-14,-25.5842256
ENSMUSG00000101784,ENSMUSG00000101784,-2.563876713,1.12E-10,-25.5142091
ENSMUSG00000102226,ENSMUSG00000102226,-3.022587739,3.71E-09,-25.48194784
ENSMUSG00000100465,ENSMUSG00000100465,-3.044944278,4.67E-09,-25.36776154
ENSMUSG00000087248,ENSMUSG00000087248,-1.954646839,1.16E-13,-25.28445747
Pcsk1,Pcsk1_2,-4.08476506,6.86E-07,-25.17768644
Ulk4,Ulk4,-2.244365937,6.25E-12,-25.14690963
ENSMUSG00000102173,ENSMUSG00000102173_3,-2.517471893,2.01E-10,-24.40931409
Prkch,Prkch_6,-2.114939642,5.10E-12,-23.88220836
F930017D23Rik,F930017D23Rik,-2.171112007,1.02E-11,-23.86310446
8430436N08Rik,8430436N08Rik_3,-2.17674941,1.49E-11,-23.56514772
Trav6-2,Trav6-2,-2.550674179,6.10E-10,-23.50431115
Mycbp2,Mycbp2_5,-2.194779741,2.23E-11,-23.37766477
Igf1r,Igf1r_1,-1.94268939,9.58E-13,-23.34853092
ENSMUSG00000052154,ENSMUSG00000052154_1,-1.864552676,3.50E-13,-23.22454163
Spag16,Spag16,-1.528131948,6.39E-16,-23.21958637
ENSMUSG00000104039,ENSMUSG00000104039_1,-1.650108359,8.96E-15,-23.18036735
ENSMUSG00000080878,ENSMUSG00000080878,-1.903027224,7.38E-13,-23.08710867
Ccdc181,Ccdc181,-2.167635006,2.29E-11,-23.06329279
Odad2,Odad2,-2.201486005,4.32E-11,-22.81739279
Pttg1,Pttg1,-2.209846716,5.23E-11,-22.71987056
ENSMUSG00000085716,ENSMUSG00000085716,-1.664955165,2.42E-14,-22.67123793
ENSMUSG00000103127,ENSMUSG00000103127,-2.193544491,5.62E-11,-22.48411627
ENSMUSG00000087465,ENSMUSG00000087465_2,-2.246136309,1.15E-10,-22.32890355
Pigf,Pigf,-2.310475038,2.23E-10,-22.29812104
Gm22300,Gm22300,-2.29038175,2.01E-10,-22.2073589
Gm8167,Gm8167,-1.659857674,4.98E-14,-22.08004934
ENSMUSG00000087465,ENSMUSG00000087465_1,-2.687939931,7.74E-09,-21.80234989
Gm826,Gm826,-1.660014201,9.98E-14,-21.58196897
ENSMUSG00000084207,ENSMUSG00000084207,-2.140327289,8.85E-11,-21.51665166
Gm8601,Gm8601_5,-1.886197462,5.12E-12,-21.29656402
Gm8425,Gm8425,-1.842136574,2.88E-12,-21.25998211
4930430F08Rik,4930430F08Rik,-2.242014249,3.49E-10,-21.20318544
Ppp1r3b,Ppp1r3b_1,-2.260698281,5.34E-10,-20.96263822
Serbp1,Serbp1_1,-1.794343379,2.31E-12,-20.88040823
Syne2,Syne2_1,-2.477768677,3.80E-09,-20.86393465
ENSMUSG00000089639,ENSMUSG00000089639,-2.810854333,3.88E-08,-20.83063142
2510009E07Rik,2510009E07Rik_2,-2.265514832,8.59E-10,-20.53916274
Adamts20,Adamts20,-2.466974723,4.77E-09,-20.52944802
Gstcd,Gstcd,-2.150573594,2.92E-10,-20.50601459
ENSMUSG00000086196,ENSMUSG00000086196,-2.226725716,6.24E-10,-20.49627456
Patz1,Patz1,-1.70239925,1.08E-12,-20.37486727
ENSMUSG00000099211,ENSMUSG00000099211_1,-2.351727148,2.29E-09,-20.32079825
3830406C13Rik,3830406C13Rik_1,-2.031754587,1.07E-10,-20.26047158
Ltbp1,Ltbp1_1,-1.804752269,9.70E-12,-19.87621582
Irf4,Irf4,-1.908139901,3.86E-11,-19.87087456
Mad2l1,Mad2l1,-2.319996759,2.74E-09,-19.86394625
Lrp4,Lrp4,-1.821531994,1.26E-11,-19.85497592
ENSMUSG00000085781,ENSMUSG00000085781_1,-1.686357809,2.25E-12,-19.64288757
Gm14642,Gm14642_1,-1.579739533,4.18E-13,-19.55477729
Ccdc80,Ccdc80_1,-2.093792507,5.07E-10,-19.46165404
Pakap,Pakap,-2.258148596,2.54E-09,-19.40811886
Gm23848,Gm23848,-2.918232548,2.35E-07,-19.34687751
Ube2n,Ube2n_1,-1.986739255,2.09E-10,-19.2313903
ENSMUSG00000104271,ENSMUSG00000104271,-1.98125763,2.59E-10,-18.9937287
Gm24340,Gm24340,-1.80724683,3.64E-11,-18.86469416
Ermn,Ermn_2,-1.250309474,9.91E-16,-18.75935015
Gsdme,Gsdme,-1.755628146,2.07E-11,-18.75537362
Prickle1,Prickle1,-2.668569346,1.25E-07,-18.41696837
ENSMUSG00000089441,ENSMUSG00000089441_1,-1.536339372,1.33E-12,-18.24331634
ENSMUSG00000089932,ENSMUSG00000089932,-2.149166951,3.36E-09,-18.21251032
Gm23220,Gm23220,-1.597061116,4.77E-12,-18.08072234
2610044O15Rik8,2610044O15Rik8,-1.541198537,2.97E-12,-17.76640597
Gm12691,Gm12691_2,-1.739674198,8.89E-11,-17.4852785
Rpl7a-ps3,Rpl7a-ps3_3,-1.279202835,2.18E-14,-17.47555779
Pphln1,Pphln1_1,-1.602161176,1.26E-11,-17.46403368
Kcna3,Kcna3_1,-1.536209311,4.58E-12,-17.41915746
Zfp704,Zfp704_1,-2.429565588,8.12E-08,-17.22722145
4833412C05Rik,4833412C05Rik,-2.195019668,1.44E-08,-17.21108839
Pomc,Pomc,-1.091336068,1.78E-16,-17.18736431
Bend4,Bend4_2,-1.938285103,1.65E-09,-17.02082483
Ints4,Ints4,-1.607649043,3.04E-11,-16.90785601
Capn13,Capn13_3,-1.559924461,1.83E-11,-16.74858427
Gm12691,Gm12691,-2.018628267,5.86E-09,-16.61709086
ENSMUSG00000092986,ENSMUSG00000092986,-1.579523809,3.89E-11,-16.44326894
ENSMUSG00000084572,ENSMUSG00000084572_3,-2.042219111,8.88E-09,-16.44273629
ENSMUSG00000080680,ENSMUSG00000080680_1,-2.187389683,3.26E-08,-16.37702904
Larp4b,Larp4b_1,-2.637019773,6.28E-07,-16.35529084
1600025M17Rik,1600025M17Rik,-1.867703256,2.08E-09,-16.21654402
Lrrc34,Lrrc34_1,-1.562873388,5.07E-11,-16.0893122
ENSMUSG00000088144,ENSMUSG00000088144,-1.616670063,1.12E-10,-16.08522417
Lnpep,Lnpep_2,-2.111240224,2.58E-08,-16.02227241
D830013O20Rik,D830013O20Rik_1,-1.99825288,1.00E-08,-15.98473137
Nck2,Nck2,-1.464949993,1.41E-11,-15.89512388
ENSMUSG00000080412,ENSMUSG00000080412_2,-1.460217389,1.33E-11,-15.88326112
B4galt1,B4galt1_1,-2.220760527,8.00E-08,-15.75993927
ENSMUSG00000091676,ENSMUSG00000091676_1,-2.458182897,4.03E-07,-15.71925747
Acp6,Acp6,-2.299630501,1.57E-07,-15.64894052
ENSMUSG00000086384,ENSMUSG00000086384,-2.158618787,5.74E-08,-15.63140262
Mboat2,Mboat2,-1.263586771,4.28E-13,-15.62914493
Dspp,Dspp,-2.044699516,2.41E-08,-15.57578424
Lrig2,Lrig2_1,-2.023509891,2.26E-08,-15.47013265
ENSMUSG00000087979,ENSMUSG00000087979,-1.166514255,6.33E-14,-15.396417
Smco4,Smco4_1,-1.734404204,1.39E-09,-15.36061964
Kcnh8,Kcnh8,-1.344465695,4.50E-12,-15.25557524
Ccdc71l,Ccdc71l_1,-2.026971713,3.02E-08,-15.24250788
ENSMUSG00000073174,ENSMUSG00000073174,-2.299843759,2.45E-07,-15.20566881
Eipr1,Eipr1_4,-1.401758414,1.77E-11,-15.07254118
Gatm,Gatm_1,-1.448754328,4.63E-11,-14.97220544
Cnksr3,Cnksr3,-1.638914277,1.00E-09,-14.74718549
Tgm2,Tgm2,-1.516160963,2.05E-10,-14.68945939
Vmn2r94,Vmn2r94,-1.626118762,9.98E-10,-14.63622491
Hivep1,Hivep1,-1.463079174,9.98E-11,-14.63204847
ENSMUSG00000100435,ENSMUSG00000100435_1,-1.353240519,1.56E-11,-14.62612064
ENSMUSG00000092986,ENSMUSG00000092986_1,-1.775253408,6.00E-09,-14.59524503
ENSMUSG00000103624,ENSMUSG00000103624_1,-1.189457787,8.76E-13,-14.34181189
ENSMUSG00000097181,ENSMUSG00000097181,-1.627267943,1.55E-09,-14.33748173
Otulinl,Otulinl_7,-1.945064956,4.53E-08,-14.28488479
Rbm11,Rbm11,-1.996083651,7.04E-08,-14.27683611
ENSMUSG00000102992,ENSMUSG00000102992_1,-1.746917791,7.22E-09,-14.22280378
Plpp4,Plpp4_1,-3.207788152,3.98E-05,-14.11305777
Gm24891,Gm24891,-2.169514663,3.25E-07,-14.07564965
ENSMUSG00000101242,ENSMUSG00000101242,-3.374412762,6.92E-05,-14.03808513
A1cf,A1cf,-2.109646815,2.24E-07,-14.02673648
ENSMUSG00000089822,ENSMUSG00000089822_2,-1.213583393,2.85E-12,-14.01167882
ENSMUSG00000093499,ENSMUSG00000093499,-2.520777176,2.94E-06,-13.94494415
Cntn5,Cntn5_2,-1.622302615,2.76E-09,-13.88428614
ENSMUSG00000065811,ENSMUSG00000065811,-1.185550425,1.98E-12,-13.87445785
Gm24869,Gm24869_3,-1.558713133,1.27E-09,-13.86841933
Rpsa-ps11,Rpsa-ps11,-1.628276969,3.40E-09,-13.789551
ENSMUSG00000057626,ENSMUSG00000057626,-2.077753678,2.35E-07,-13.77221177
Mir7212,Mir7212,-2.052810084,1.98E-07,-13.76126095
ENSMUSG00000097580,ENSMUSG00000097580_1,-1.551360167,1.58E-09,-13.65468381
ENSMUSG00000097551,ENSMUSG00000097551_1,-2.192094301,6.06E-07,-13.62987848
Gm23626,Gm23626_1,-1.497034628,9.56E-10,-13.50288473
ENSMUSG00000092042,ENSMUSG00000092042,-1.790831698,2.93E-08,-13.49084313
Extl1,Extl1,-1.907408656,8.54E-08,-13.48242214
4930521O11Rik,4930521O11Rik,-2.09206446,4.31E-07,-13.31750629
Gtf3c3,Gtf3c3,-1.392621613,3.18E-10,-13.22669595
ENSMUSG00000044645,ENSMUSG00000044645,-1.28659518,5.42E-11,-13.20771936
Mbd2,Mbd2_2,-1.000407683,1.03E-13,-12.99169055
ENSMUSG00000052154,ENSMUSG00000052154,-1.243231251,3.84E-11,-12.94869826
Smarcc2,Smarcc2_1,-1.225004203,2.84E-11,-12.91912542
ENSMUSG00000085639,ENSMUSG00000085639_2,-1.60756574,9.37E-09,-12.90615057
Gm26404,Gm26404,-1.336516288,2.54E-10,-12.82495911
Trappc10,Trappc10,-1.997571479,3.94E-07,-12.79335221
Stmn4,Stmn4,-1.385996478,6.09E-10,-12.77259813
ENSMUSG00000081078,ENSMUSG00000081078_1,-1.315420977,2.02E-10,-12.75215112
Gm17767,Gm17767_3,-1.278807612,1.25E-10,-12.66616637
Ext1,Ext1_1,-1.839918454,1.38E-07,-12.61984846
Gm22011,Gm22011_1,-1.704946714,4.31E-08,-12.55836314
Avpr1a,Avpr1a_1,-1.689796759,4.02E-08,-12.49756602
ENSMUSG00000082836,ENSMUSG00000082836,-1.97863775,5.28E-07,-12.42052765
ENSMUSG00000104183,ENSMUSG00000104183,-1.747277836,8.16E-08,-12.38503965
ENSMUSG00000080529,ENSMUSG00000080529_1,-1.474548053,4.22E-09,-12.3495364
Rpl34-ps1,Rpl34-ps1,-1.364395963,9.89E-10,-12.28616921
Gm25663,Gm25663,-2.031731253,1.02E-06,-12.1731232
Gm21103,Gm21103_1,-1.606200854,2.68E-08,-12.16251708
ENSMUSG00000104018,ENSMUSG00000104018,-1.928892613,5.61E-07,-12.05724832
Id2,Id2_1,-1.790746178,1.90E-07,-12.03680049
Bid,Bid_1,-1.316112861,8.60E-10,-11.93098822
Ktn1,Ktn1_1,-0.994414146,1.09E-12,-11.89445763
Ppie,Ppie,-1.593581379,3.54E-08,-11.87420115
Camkmt,Camkmt_3,-1.175882872,1.11E-10,-11.70581643
Trim36,Trim36,-1.483975398,1.33E-08,-11.68822967
Tdrd3,Tdrd3_2,-1.821263894,4.12E-07,-11.62987053
ENSMUSG00000085223,ENSMUSG00000085223,-1.048064212,9.42E-12,-11.55566461
Dynlt5,Dynlt5,-1.705581056,1.87E-07,-11.47578412
ENSMUSG00000084918,ENSMUSG00000084918_1,-1.972067935,1.59E-06,-11.43473352
4931440P22Rik,4931440P22Rik_1,-1.526097399,3.25E-08,-11.42808365
ENSMUSG00000093400,ENSMUSG00000093400_3,-1.005184677,4.45E-12,-11.41069835
ENSMUSG00000089794,ENSMUSG00000089794,-1.696020591,1.98E-07,-11.36867222
ENSMUSG00000087756,ENSMUSG00000087756,-1.972835578,1.78E-06,-11.3417401
Tsc22d1,Tsc22d1_2,-1.387720321,6.94E-09,-11.32207572
ENSMUSG00000093177,ENSMUSG00000093177,-1.498915305,2.90E-08,-11.29762546
ENSMUSG00000103087,ENSMUSG00000103087_1,-1.938415497,1.51E-06,-11.28303854
Otud7a,Otud7a,-1.098616989,5.43E-11,-11.27765776
Gm24138,Gm24138,-1.653193562,1.55E-07,-11.25636295
Iqca1l,Iqca1l,-1.312756838,2.73E-09,-11.24324755
Ikzf2,Ikzf2,-1.338392423,4.45E-09,-11.17840798
Elf1,Elf1,-1.708504877,3.15E-07,-11.10719853
ENSMUSG00000085813,ENSMUSG00000085813_1,-1.474106158,2.95E-08,-11.10030033
5330411J11Rik,5330411J11Rik,-1.713649839,3.74E-07,-11.01299281
Prlr,Prlr,-1.268373779,2.20E-09,-10.98106359
Ddah1,Ddah1,-1.745901589,5.28E-07,-10.95917217
ENSMUSG00000098053,ENSMUSG00000098053,-2.195443658,1.06E-05,-10.91950625
Gpr162,Gpr162_1,-1.193649,7.59E-10,-10.88577347
4930405A21Rik,4930405A21Rik_2,-1.173576988,5.46E-10,-10.87033437
ENSMUSG00000085378,ENSMUSG00000085378,-1.63760172,3.46E-07,-10.58086468
Sesn3,Sesn3_1,-1.23917532,3.23E-09,-10.52201957
1700047A11Rik,1700047A11Rik,-1.391542817,2.78E-08,-10.514779
Mir21c,Mir21c_1,-1.655076494,4.86E-07,-10.448947
ENSMUSG00000084198,ENSMUSG00000084198_4,-1.210837536,3.36E-09,-10.26014891
Dnttip2,Dnttip2,-1.496163528,1.41E-07,-10.25068637
Fads1,Fads1,-1.165291235,1.63E-09,-10.23937065
Tecta,Tecta_3,-1.692721118,1.00E-06,-10.15574448
ENSMUSG00000094704,ENSMUSG00000094704_1,-1.661484089,8.09E-07,-10.12162736
ENSMUSG00000066809,ENSMUSG00000066809,-1.099081461,7.98E-10,-9.999173128
Gm11796,Gm11796,-2.040984488,1.28E-05,-9.983258963
Sarnp,Sarnp,-1.157824984,2.82E-09,-9.898870854
Arl14,Arl14,-1.568766676,5.96E-07,-9.76524796
Gm14427,Gm14427,-1.673598467,1.79E-06,-9.620046677
Ccdc181,Ccdc181_1,-2.120981899,2.94E-05,-9.611049956
Cblb,Cblb_1,-1.243305017,1.87E-08,-9.608333275
Stard13,Stard13,-1.376519121,1.08E-07,-9.592163668
Slc12a8,Slc12a8_3,-1.536027241,5.97E-07,-9.560830166
Agtr1b,Agtr1b,-1.604219414,1.14E-06,-9.535009763
1700017N19Rik,1700017N19Rik_1,-1.693636549,2.48E-06,-9.494750285
Lama4,Lama4,-1.251877475,2.76E-08,-9.462949243
Ikzf2,Ikzf2_1,-1.603064398,1.27E-06,-9.45079064
Fam241a,Fam241a,-1.698199486,2.79E-06,-9.433418161
Elac1,Elac1_1,-1.55329969,9.00E-07,-9.390747031
ENSMUSG00000097580,ENSMUSG00000097580_5,-1.809846548,6.58E-06,-9.378733976
Prtg,Prtg,-1.563894228,1.02E-06,-9.372641972
Gm1553,Gm1553_2,-1.629868767,1.85E-06,-9.342639458
Rfx4,Rfx4_2,-1.186494231,1.37E-08,-9.329371909
Ism1,Ism1,-1.676417906,2.75E-06,-9.322795123
Zfp365,Zfp365,-1.264802825,5.42E-08,-9.190260676
Lpcat3,Lpcat3,-1.276404874,7.28E-08,-9.110905279
Borcs5,Borcs5,-1.154499365,1.49E-08,-9.036328151
Neurog2,Neurog2_4,-1.231676331,5.01E-08,-8.990992691
ENSMUSG00000103566,ENSMUSG00000103566_3,-1.951347982,2.58E-05,-8.954394439
Nctc1,Nctc1,-0.994803807,1.07E-09,-8.924264815
Sgip1,Sgip1,-1.83470924,1.38E-05,-8.918463331
Gm24620,Gm24620,-1.673783893,5.14E-06,-8.852415617
Id2,Id2,-1.627878967,3.86E-06,-8.813165645
ENSMUSG00000097183,ENSMUSG00000097183,-1.664308034,5.52E-06,-8.750393316
A830029E22Rik,A830029E22Rik,-1.488108695,1.38E-06,-8.721222822
ENSMUSG00000093384,ENSMUSG00000093384,-1.174464888,4.60E-08,-8.616880075
Bend7,Bend7,-1.494345398,1.71E-06,-8.616484116
ENSMUSG00000096415,ENSMUSG00000096415,-2.045503956,6.15E-05,-8.613464642
Gm4651,Gm4651,-1.555538039,3.22E-06,-8.543026586
Lims2,Lims2_1,-1.314597816,3.50E-07,-8.486367534
Pex11a,Pex11a,-1.197060604,8.37E-08,-8.471927655
Dcp1a,Dcp1a_3,-1.334435498,4.62E-07,-8.45364077
Mroh4,Mroh4,-1.392475121,8.54E-07,-8.449963921
Patz1,Patz1_4,-1.525082895,2.89E-06,-8.447679649
ENSMUSG00000082720,ENSMUSG00000082720,-1.199987203,1.14E-07,-8.333522459
Aldh1a3,Aldh1a3,-1.031968629,8.87E-09,-8.309496361
Ppil6,Ppil6,-1.363167334,8.95E-07,-8.244393528
ENSMUSG00000096972,ENSMUSG00000096972,-2.376863597,0.000357938,-8.19112846
ENSMUSG00000094754,ENSMUSG00000094754,-1.887382276,4.71E-05,-8.166530858
Strn,Strn_4,-1.29210372,4.91E-07,-8.151225477
ENSMUSG00000066270,ENSMUSG00000066270,-1.064599596,2.37E-08,-8.117958028
Rps6ka5,Rps6ka5_1,-1.087050614,3.51E-08,-8.103458791
Lrig2,Lrig2,-1.876164456,5.07E-05,-8.058087494
Vmn2r97,Vmn2r97,-1.269750597,4.65E-07,-8.040406966
Gm25515,Gm25515,-1.385778982,1.61E-06,-8.02793105
Spag16,Spag16_1,-1.282111159,7.21E-07,-7.874452514
ENSMUSG00000095133,ENSMUSG00000095133_2,-1.833133562,5.84E-05,-7.760556238
Gm19557,Gm19557_2,-1.702944464,2.95E-05,-7.71513413
Srgap3,Srgap3_2,-1.27602838,9.06E-07,-7.710676229
Pkp4,Pkp4_1,-1.339314391,1.85E-06,-7.679212945
ENSMUSG00000003178,ENSMUSG00000003178,-1.203560286,4.45E-07,-7.645004118
Gm4792,Gm4792,-1.257945411,9.41E-07,-7.581060397
9130230L23Rik,9130230L23Rik_4,-1.098249049,1.31E-07,-7.558666991
Gng4,Gng4_1,-1.258587906,1.00E-06,-7.551328103
Trmt9b,Trmt9b_6,-1.253060624,9.42E-07,-7.551157099
Gm6493,Gm6493_1,-0.950879628,1.19E-08,-7.533994433
Gm28020,Gm28020_1,-1.148568081,2.86E-07,-7.516300502
D6Ertd527e,D6Ertd527e,-0.9997263,3.07E-08,-7.511296961
Ptk2,Ptk2,-1.197517654,5.40E-07,-7.505497364
2900009J06Rik,2900009J06Rik,-0.916101744,6.44E-09,-7.503605579
Gm8601,Gm8601_4,-1.170520543,4.05E-07,-7.482755785
Gnaz,Gnaz_1,-1.148381321,3.19E-07,-7.460338648
Myoz2,Myoz2_1,-1.446075597,7.11E-06,-7.444238325
Capn13,Capn13_5,-1.345601328,2.94E-06,-7.443431617
ENSMUSG00000089744,ENSMUSG00000089744_1,-1.345312769,2.95E-06,-7.439256263
Zfyve21,Zfyve21,-1.780100708,6.81E-05,-7.417278764
4632428C04Rik,4632428C04Rik,-1.114339797,2.37E-07,-7.383647068
Hdac2,Hdac2,-0.909119632,8.23E-09,-7.349904456
Glt1d1,Glt1d1,-1.594601669,2.54E-05,-7.326487639
ENSMUSG00000085193,ENSMUSG00000085193,-1.622887882,3.07E-05,-7.323561056
Nkain1,Nkain1,-1.240593843,1.34E-06,-7.283893511
ENSMUSG00000081995,ENSMUSG00000081995_2,-0.960975536,2.64E-08,-7.282632046
ENSMUSG00000074065,ENSMUSG00000074065_2,-1.649903517,3.94E-05,-7.267443227
ENSMUSG00000082776,ENSMUSG00000082776,-1.267106823,1.89E-06,-7.253076315
Mbd2,Mbd2_12,-2.324558277,0.000769638,-7.238008179
Emp1,Emp1_1,-1.738822433,7.05E-05,-7.218933932
Gc,Gc_2,-1.320595522,3.67E-06,-7.178611611
Mir3081,Mir3081_1,-1.279564898,2.71E-06,-7.124176993
Btg1,Btg1_3,-1.238565903,1.94E-06,-7.073994379
Gm30173,Gm30173_1,-1.165694967,8.62E-07,-7.069534246
Zbp1,Zbp1,-1.065984957,2.66E-07,-7.0094959
Scnn1a,Scnn1a_1,-1.395727402,1.07E-05,-6.936953811
ENSMUSG00000090350,ENSMUSG00000090350_4,-1.252779555,2.93E-06,-6.930880802
Creb3l3,Creb3l3,-1.192965641,1.58E-06,-6.922336385
ENSMUSG00000077487,ENSMUSG00000077487,-1.809586515,0.000168285,-6.829299453
ENSMUSG00000064706,ENSMUSG00000064706,-1.467772076,2.45E-05,-6.768202089
Lmnb1,Lmnb1,-0.995804787,1.71E-07,-6.73768923
Plxdc2,Plxdc2,-1.234848079,3.51E-06,-6.735754517
Adamts20,Adamts20_2,-1.508461417,3.81E-05,-6.666382826
ENSMUSG00000103469,ENSMUSG00000103469,-1.236647279,4.19E-06,-6.649840669
ENSMUSG00000099246,ENSMUSG00000099246,-1.379274726,1.61E-05,-6.609709912
Abat,Abat_1,-1.464862529,3.27E-05,-6.569608577
ENSMUSG00000043498,ENSMUSG00000043498_3,-1.046615663,5.38E-07,-6.56153517
Trat1,Trat1_2,-1.179734303,2.81E-06,-6.548870144
Derl1,Derl1_1,-1.332746656,1.33E-05,-6.499345799
ENSMUSG00000089564,ENSMUSG00000089564,-1.571156698,7.79E-05,-6.454784128
Ctcfl,Ctcfl,-0.902665962,7.11E-08,-6.452572091
ENSMUSG00000102109,ENSMUSG00000102109,-1.515018203,5.52E-05,-6.451112387
ENSMUSG00000087756,ENSMUSG00000087756_1,-1.231217589,6.07E-06,-6.422684326
Rpl18-ps1,Rpl18-ps1_1,-1.745527584,0.000211565,-6.414038201
Iqca1l,Iqca1l_1,-0.975058258,2.72E-07,-6.402309352
Atp2b1,Atp2b1_5,-1.085859392,1.56E-06,-6.304595985
Gm15464,Gm15464,-1.399804453,3.31E-05,-6.27228112
ENSMUSG00000086297,ENSMUSG00000086297_1,-0.999492086,5.57E-07,-6.25106345
Erich1,Erich1,-1.110672951,2.36E-06,-6.249810407
Aebp2,Aebp2_1,-1.262883642,1.17E-05,-6.228147776
Prag1,Prag1_3,-1.199413218,6.76E-06,-6.200807313
ENSMUSG00000103555,ENSMUSG00000103555,-1.38580027,3.78E-05,-6.128709871
Cenpe,Cenpe_1,-1.076569058,2.06E-06,-6.120803848
Ptma-ps1,Ptma-ps1_1,-0.996418597,7.61E-07,-6.096948148
Hpcal1,Hpcal1_5,-1.389978802,4.17E-05,-6.087637955
Apold1,Apold1,-1.143469887,5.51E-06,-6.012888027
Gm22268,Gm22268_1,-1.069747594,2.50E-06,-5.993098785
Ppil6,Ppil6_1,-0.996859391,1.06E-06,-5.955374919
Cep131,Cep131,-1.183996705,1.02E-05,-5.907529456
Bach2os,Bach2os,-1.380130386,5.91E-05,-5.835797252
Aknad1,Aknad1_2,-1.252406787,2.21E-05,-5.830529891
Pth1r,Pth1r_1,-1.213072346,1.57E-05,-5.828206132
Odad2,Odad2_1,-1.548374981,0.000172234,-5.827899317
Ctsj,Ctsj_1,-1.195958735,1.35E-05,-5.823690951
Tle4,Tle4_1,-0.92171985,5.10E-07,-5.799746982
Ighv1-84,Ighv1-84,-1.140400379,8.25E-06,-5.797508097
Mir6368,Mir6368_1,-1.214084782,1.69E-05,-5.792999113
ENSMUSG00000097344,ENSMUSG00000097344,-1.068198303,3.79E-06,-5.790576231
1700108F19Rik,1700108F19Rik,-0.939012153,7.02E-07,-5.778619138
Sox6,Sox6,-1.234035951,2.32E-05,-5.720066967
Zfp964,Zfp964,-1.099631441,6.73E-06,-5.687367113
Zfp36l2,Zfp36l2,-1.275769746,3.66E-05,-5.659781029
Itgb1,Itgb1,-1.367841314,7.39E-05,-5.650931451
ENSMUSG00000088204,ENSMUSG00000088204_2,-1.074847162,5.65E-06,-5.640796242
Gm6254,Gm6254_1,-1.122030365,1.32E-05,-5.475596793
ENSMUSG00000093203,ENSMUSG00000093203_1,-1.357560896,9.48E-05,-5.461966274
ENSMUSG00000098159,ENSMUSG00000098159_1,-1.050298023,6.42E-06,-5.453618738
Pphln1,Pphln1,-1.127133843,1.64E-05,-5.39222491
1700017N19Rik,1700017N19Rik,-1.064808135,8.93E-06,-5.376304708
ENSMUSG00000083175,ENSMUSG00000083175_1,-1.301456738,7.77E-05,-5.348800522
Ndnf,Ndnf,-1.220073098,4.32E-05,-5.324763895
ENSMUSG00000096597,ENSMUSG00000096597,-1.360151747,0.000121947,-5.323401699
Dynll2,Dynll2,-1.096408153,1.59E-05,-5.260565702
Nkd2,Nkd2,-1.145218122,2.84E-05,-5.206881546
ENSMUSG00000057215,ENSMUSG00000057215,-1.390346505,0.000186398,-5.185380305
ENSMUSG00000088116,ENSMUSG00000088116_6,-1.109763187,2.16E-05,-5.177345079
Gm6493,Gm6493,-1.216174926,5.82E-05,-5.150635303
ENSMUSG00000060777,ENSMUSG00000060777_1,-1.147420933,3.27E-05,-5.146626999
Cdc42ep3,Cdc42ep3_2,-1.115124617,2.75E-05,-5.086448215
ENSMUSG00000098391,ENSMUSG00000098391,-0.922054224,3.25E-06,-5.060813162
Chd7,Chd7_5,-1.109514076,2.81E-05,-5.049701139
Prag1,Prag1_4,-1.096139607,2.48E-05,-5.047935792
F3,F3,-1.386739435,0.000229338,-5.047072108
Gm34068,Gm34068,-1.651306851,0.000920106,-5.013635716
Bmp7,Bmp7_1,-0.93701247,4.64E-06,-4.997428671
Akap7,Akap7,-1.106518106,3.62E-05,-4.913881029
9630028H03Rik,9630028H03Rik,-1.34753427,0.000228748,-4.90589055
Zfp820,Zfp820,-1.035221681,1.84E-05,-4.901777088
Cntn5,Cntn5_3,-1.365140783,0.000258265,-4.898035667
Coq8b,Coq8b_1,-0.934266398,5.97E-06,-4.880644121
ENSMUSG00000076366,ENSMUSG00000076366,-1.136206504,5.06E-05,-4.880541234
Ifng,Ifng_2,-1.161772147,6.61E-05,-4.855706253
ENSMUSG00000081453,ENSMUSG00000081453_4,-0.999496793,1.56E-05,-4.803887209
ENSMUSG00000097580,ENSMUSG00000097580_7,-1.428235828,0.000437532,-4.797430742
Clip4,Clip4_3,-1.053208818,2.89E-05,-4.780935039
Mir8117,Mir8117,-1.43030588,0.000470379,-4.759416967
Gys2,Gys2,-1.020656883,2.19E-05,-4.755248963
Cldn14,Cldn14,-1.096859638,4.63E-05,-4.754294646
Pip4k2a,Pip4k2a,-0.993541308,1.77E-05,-4.720485476
ENSMUSG00000101266,ENSMUSG00000101266,-1.414024499,0.00050045,-4.667184916
ENSMUSG00000093165,ENSMUSG00000093165_2,-1.142008265,8.22E-05,-4.665311548
Tmem140,Tmem140,-1.036908981,3.23E-05,-4.657227482
Hapln1,Hapln1,-1.047302036,3.67E-05,-4.645638029
Gm26633,Gm26633,-1.070542056,4.94E-05,-4.610308487
ENSMUSG00000103402,ENSMUSG00000103402,-1.372793014,0.00043857,-4.609785405
ENSMUSG00000085201,ENSMUSG00000085201_1,-0.901458329,7.84E-06,-4.602322059
Hivep3,Hivep3_3,-0.995066165,2.73E-05,-4.541197266
Morn2,Morn2,-0.985117804,2.64E-05,-4.509932828
ENSMUSG00000086866,ENSMUSG00000086866_1,-1.393126644,0.000586331,-4.502385866
ENSMUSG00000083086,ENSMUSG00000083086,-1.07090272,7.12E-05,-4.441765483
ENSMUSG00000083966,ENSMUSG00000083966,-1.068835056,7.39E-05,-4.415653756
Slc22a23,Slc22a23,-0.901271678,1.34E-05,-4.39048833
Gm26416,Gm26416,-1.007020963,4.54E-05,-4.373787099
Cstb,Cstb,-1.161709039,0.000172234,-4.372534689
ENSMUSG00000083958,ENSMUSG00000083958_1,-1.029933509,5.96E-05,-4.351354833
ENSMUSG00000103551,ENSMUSG00000103551,-1.252984241,0.000340528,-4.345158461
Hmcn1,Hmcn1_4,-1.060526402,8.13E-05,-4.337596888
ENSMUSG00000096611,ENSMUSG00000096611,-1.209888966,0.000288925,-4.282057474
ENSMUSG00000099746,ENSMUSG00000099746,-1.009349988,5.73E-05,-4.281678066
Zcchc4,Zcchc4,-1.462278506,0.001183968,-4.279592253
Ubl3,Ubl3_2,-1.299937678,0.000513219,-4.276401281
ENSMUSG00000103684,ENSMUSG00000103684,-1.295519558,0.000506071,-4.269758164
Cep290,Cep290,-1.283356864,0.000476565,-4.263154787
Cntrl,Cntrl_1,-1.174235447,0.000249521,-4.230644782
ENSMUSG00000090592,ENSMUSG00000090592,-1.29214589,0.000537827,-4.224486294
ENSMUSG00000090074,ENSMUSG00000090074_1,-1.193831359,0.000301145,-4.203748112
Ifnk,Ifnk,-1.367531649,0.000866707,-4.187556676
Lmo4,Lmo4_4,-0.911528495,2.70E-05,-4.164308316
ENSMUSG00000103566,ENSMUSG00000103566_1,-1.211835225,0.000368512,-4.160894981
ENSMUSG00000052769,ENSMUSG00000052769,-1.219809845,0.000393178,-4.153953596
ENSMUSG00000048747,ENSMUSG00000048747,-1.463792498,0.001482131,-4.141235078
Mir8117,Mir8117_1,-1.485842332,0.001673478,-4.125262794
Gm24891,Gm24891_1,-1.136252606,0.000249392,-4.094052391
ENSMUSG00000085883,ENSMUSG00000085883,-1.380485693,0.001170741,-4.046947804
Gm26012,Gm26012,-1.11912917,0.000245972,-4.039064565
ENSMUSG00000093160,ENSMUSG00000093160_9,-0.962544203,7.04E-05,-3.996970052
Gypc,Gypc,-0.921140211,4.97E-05,-3.964633778
ENSMUSG00000093400,ENSMUSG00000093400_2,-0.917135323,4.82E-05,-3.959102397
ENSMUSG00000088522,ENSMUSG00000088522_5,-0.9434556,6.43E-05,-3.954901626
ENSMUSG00000082415,ENSMUSG00000082415_1,-0.932439031,6.06E-05,-3.93276728
Gm25016,Gm25016_2,-1.489047236,0.002347766,-3.915219249
Wdr31,Wdr31,-0.950086411,7.77E-05,-3.904455865
ENSMUSG00000094906,ENSMUSG00000094906,-0.967189133,0.000101252,-3.863528671
ENSMUSG00000088522,ENSMUSG00000088522_3,-1.071984725,0.000256217,-3.849916743
Smad7,Smad7_2,-1.117145844,0.000362908,-3.843208466
Znrf3,Znrf3,-1.438361567,0.002257202,-3.806522684
Mir1258,Mir1258,-0.978556035,0.000136444,-3.782163205
Ighd,Ighd,-0.967033069,0.000135862,-3.739421889
Zscan20,Zscan20_1,-1.02533162,0.00024315,-3.705677908
Foxe3,Foxe3,-0.938932568,0.0001189,-3.685138711
Ndufb9,Ndufb9,-1.102416827,0.000468102,-3.670673009
Gm24200,Gm24200,-1.239036322,0.001106778,-3.662516508
ENSMUSG00000103648,ENSMUSG00000103648,-1.048619742,0.000325917,-3.6564253
Cog3,Cog3,-1.057115948,0.000362611,-3.637069311
Gm8546,Gm8546,-1.042808154,0.000340003,-3.616997904
Tdrp,Tdrp_2,-0.947466235,0.000154138,-3.61182582
Gm3182,Gm3182,-1.062744047,0.000415918,-3.593129726
ENSMUSG00000083979,ENSMUSG00000083979_1,-0.92881373,0.000137585,-3.586547326
Synm,Synm,-1.003652598,0.000301145,-3.534086019
Htr3a,Htr3a,-1.46660397,0.003896784,-3.533479728
Nelfcd,Nelfcd_1,-1.013990027,0.000360827,-3.490863933
Dntt,Dntt,-1.138800482,0.000872566,-3.483820641
ENSMUSG00000102404,ENSMUSG00000102404,-1.048769659,0.000507883,-3.454895336
Neurog2,Neurog2_5,-1.362946263,0.003154221,-3.408875604
ENSMUSG00000082731,ENSMUSG00000082731_1,-1.20047532,0.001458367,-3.404707835
Gm7666,Gm7666,-1.069801342,0.000658398,-3.403584947
Mrpl37,Mrpl37,-0.910146597,0.000190285,-3.386287658
Gm5434,Gm5434_1,-1.209092679,0.001599508,-3.380639682
Mir7656,Mir7656,-1.043724692,0.00057874,-3.379075817
Cd8b1,Cd8b1_1,-1.003222462,0.000454955,-3.352800773
Csrp1,Csrp1,-1.231555828,0.001896839,-3.352257463
ENSMUSG00000102625,ENSMUSG00000102625,-1.009963347,0.000497074,-3.336493472
Cd83,Cd83,-0.998716394,0.000486617,-3.308560079
ENSMUSG00000097580,ENSMUSG00000097580_4,-1.039348188,0.000667732,-3.300343785
ENSMUSG00000064932,ENSMUSG00000064932,-1.166126217,0.001523476,-3.285169275
Haus6,Haus6,-1.031665434,0.000658256,-3.282352092
Gm7132,Gm7132_1,-1.130495693,0.001286361,-3.267852681
Vps4b,Vps4b,-1.070343078,0.000921731,-3.248914804
ENSMUSG00000082730,ENSMUSG00000082730_1,-0.938434231,0.000346746,-3.24697138
Gm12691,Gm12691_1,-0.968601194,0.000479955,-3.214593142
Plbd1,Plbd1_1,-1.018268275,0.000708992,-3.206892055
Nkd2,Nkd2_1,-0.93071786,0.000366598,-3.197769669
Saxo2,Saxo2_1,-0.908710569,0.000309781,-3.18861513
Kcnk1,Kcnk1_1,-0.976937237,0.000544834,-3.188465218
ENSMUSG00000101767,ENSMUSG00000101767,-1.816387003,0.017791327,-3.178298839
Mybpc2,Mybpc2,-0.939658621,0.000421842,-3.171207199
ENSMUSG00000092811,ENSMUSG00000092811_2,-0.928722465,0.000403872,-3.151857656
Zfp266,Zfp266_1,-1.119659438,0.001558797,-3.143119694
Morc1,Morc1,-1.160312874,0.002023434,-3.125779484
ENSMUSG00000075529,ENSMUSG00000075529,-1.001431752,0.000810694,-3.095568939
Gm6189,Gm6189,-0.919818788,0.000436723,-3.090401893
Entpd3,Entpd3,-1.025686067,0.000985811,-3.083424
Cdv3,Cdv3,-0.939885444,0.000545802,-3.066813356
1700044C05Rik,1700044C05Rik_2,-1.044361178,0.001251255,-3.03141918
ENSMUSG00000089149,ENSMUSG00000089149_2,-0.991227121,0.000892566,-3.022607765
Gm22545,Gm22545,-0.942989306,0.000626708,-3.020333057
ENSMUSG00000102140,ENSMUSG00000102140,-0.971325767,0.000807799,-3.004016225
Emb,Emb_3,-0.960258336,0.000752379,-2.999427457
Kat6b,Kat6b_1,-1.037624635,0.001303957,-2.993273741
Tecta,Tecta_1,-1.136304507,0.002403236,-2.976212786
3830406C13Rik,3830406C13Rik,-1.058793462,0.00155164,-2.974372068
Tmc1,Tmc1,-0.961655185,0.000822851,-2.966397232
ENSMUSG00000098708,ENSMUSG00000098708_2,-1.06817907,0.001756852,-2.943116132
Has1,Has1_1,-0.939684905,0.000766097,-2.92779168
4933403O08Rik,4933403O08Rik,-1.033041801,0.001480333,-2.92313691
ENSMUSG00000097580,ENSMUSG00000097580_3,-1.095503683,0.002340978,-2.881834933
Adh5,Adh5_1,-0.9825533,0.001182466,-2.8761413
ENSMUSG00000064510,ENSMUSG00000064510,-0.945052052,0.000931475,-2.864290917
Maf,Maf,-1.183563451,0.003871256,-2.854930327
P2ry14;F630111L10Rik,P2ry14;F630111L10Rik,-0.998679996,0.001480463,-2.825867465
Gc,Gc,-1.010918272,0.001888892,-2.753532011
Ppp3r1,Ppp3r1,-1.033119587,0.002342251,-2.717483288
Gm8756,Gm8756,-1.048130131,0.002604213,-2.708707262
Gm17966,Gm17966,-0.998710873,0.001949622,-2.706555902
Mir582,Mir582_2,-1.170384897,0.005232053,-2.670031696
Sgcg,Sgcg,-1.250887707,0.007364009,-2.668000501
ENSMUSG00000082683,ENSMUSG00000082683,-1.025973198,0.002557027,-2.659594116
4933412E24Rik,4933412E24Rik,-1.027113003,0.002717578,-2.635384997
Neurog2,Neurog2_2,-1.03306115,0.002957027,-2.612761167
Gm5641;Gm6793,Gm5641;Gm6793,-1.056848516,0.003573184,-2.586049839
Tmc5,Tmc5,-1.043001179,0.00341068,-2.57324977
Igfbp7,Igfbp7_3,-1.127647274,0.00537862,-2.55900283
ENSMUSG00000083355,ENSMUSG00000083355_1,-1.04747786,0.003662716,-2.551862218
Jam2,Jam2,-1.060207158,0.004025671,-2.539367604
Gm10532,Gm10532_8,-0.946912335,0.002161112,-2.523826981
ENSMUSG00000054957,ENSMUSG00000054957,-0.990595579,0.002974049,-2.502890219
ENSMUSG00000087489,ENSMUSG00000087489,-1.066493917,0.004838174,-2.46927313
Gm22299,Gm22299,-0.979211328,0.003039727,-2.464836954
9530052E02Rik,9530052E02Rik,-0.999161972,0.003416573,-2.464342349
Mir6374,Mir6374,-1.073541524,0.005304595,-2.442680324
Chst2,Chst2_2,-1.214076744,0.009918669,-2.432459346
ENSMUSG00000087345,ENSMUSG00000087345_2,-1.047493285,0.004984145,-2.411758318
Gm1401,Gm1401_1,-1.063029393,0.005617108,-2.392334042
ENSMUSG00000048559,ENSMUSG00000048559,-1.006906381,0.004576235,-2.355649093
Smco4,Smco4_3,-0.993712784,0.004623852,-2.320315436
ENSMUSG00000091676,ENSMUSG00000091676,-1.033490068,0.00602505,-2.294388644
Ptprq,Ptprq,-1.029019082,0.00684528,-2.227423747
Tslp,Tslp,-1.487944482,0.032793251,-2.208430305
ENSMUSG00000095086,ENSMUSG00000095086_3,-0.906983615,0.00370156,-2.205435105
ENSMUSG00000100078,ENSMUSG00000100078_1,-1.023795152,0.007232092,-2.191675187
Mir7241,Mir7241,-1.279270747,0.01950223,-2.187445175
ENSMUSG00000088537,ENSMUSG00000088537,-0.925584975,0.004931652,-2.135331555
Gm16238,Gm16238,-0.931296429,0.005146481,-2.131262233
Mir3092,Mir3092_2,-0.931128874,0.005280601,-2.120475275
Klf12,Klf12,-1.17313997,0.016323083,-2.096633172
Nkd2,Nkd2_2,-1.436057498,0.034791607,-2.094526494
Cntn5,Cntn5,-1.034203374,0.009834571,-2.075899128
Gm23877,Gm23877,-0.961619933,0.007225142,-2.058975997
Thegl,Thegl,-0.982494762,0.008508658,-2.033900634
ENSMUSG00000093559,ENSMUSG00000093559_5,-1.076864138,0.013198302,-2.023946715
ENSMUSG00000103299,ENSMUSG00000103299,-1.183906882,0.019935367,-2.013086581
Ccdc122,Ccdc122,-0.940887592,0.007589666,-1.994472185
D830039M14Rik,D830039M14Rik_1,-1.001765643,0.010525297,-1.98125768
ENSMUSG00000103493,ENSMUSG00000103493,-1.07213103,0.014294575,-1.977898138
Mir6368,Mir6368,-1.007049242,0.011061708,-1.969967373
Emp1,Emp1_2,-0.978135257,0.011064126,-1.913313618
Myo7a,Myo7a,-0.998424636,0.012550848,-1.898331653
4930430F08Rik,4930430F08Rik_1,-0.993961139,0.012498299,-1.891656221
Gm12804,Gm12804,-1.172743227,0.024634946,-1.886296942
ENSMUSG00000054181,ENSMUSG00000054181,-1.01349723,0.014228508,-1.871767877
Ago2,Ago2,-1.825872311,0.098232267,-1.840015209
Bmt2,Bmt2,-0.926383959,0.0121296,-1.775093869
Kif3c,Kif3c,-0.923150747,0.012745988,-1.749025877
Hbb-bt,Hbb-bt,-0.93195011,0.01336332,-1.746554303
Gm14986,Gm14986_1,-0.996349861,0.019307883,-1.708008036
Atp1a1,Atp1a1_1,-0.99219465,0.019063171,-1.706381169
Arid4a,Arid4a_3,-0.945228979,0.016335325,-1.689003412
ENSMUSG00000103901,ENSMUSG00000103901,-0.965482599,0.017851857,-1.687969256
Gna12,Gna12_1,-0.929241655,0.017340324,-1.636341391
ENSMUSG00000103566,ENSMUSG00000103566_2,-1.006099246,0.023867252,-1.63209177
Endou,Endou_2,-0.95783864,0.021547809,-1.596330884
ENSMUSG00000093400,ENSMUSG00000093400,-0.906414394,0.021280086,-1.515549003
Herc3,Herc3_1,-0.904516819,0.022897392,-1.483601139
Gm22303,Gm22303,-1.042083393,0.044081501,-1.412797921
Fbxl17,Fbxl17,-0.924292246,0.031475168,-1.388316482
Afap1,Afap1_1,-0.957705285,0.054052291,-1.213590631
ENSMUSG00000093614,ENSMUSG00000093614,-0.97262962,0.064163198,-1.160068963
Basp1,Basp1,-0.924121743,0.09917887,-0.927430879