_MEMBER_Geneid,_LogP_Geneid,GO,_PATTERN_,_RANK_,GiniIndex,Category,CategoryID,Description,PARENT_GO,LogP,Enrichment,Z-score,#TotalGeneInLibrary,#GeneInGO,#GeneInHitList,#GeneInGOAndHitList,%InGO,STDV %InGO,GeneID,Hits,Log(q-value),EvidenceCutoff,GROUP_ID,FirstInGroupByEnrichment,FirstInGroupByLogP,BestLogPInGroup,BestEnrichmentInGroup,URL
1,-6.122174631,GO:1903039,M1,1,0,GO Biological Processes,19,positive regulation of leukocyte cell-cell adhesion,19_GO:0022610 biological adhesion,-6.122174631,5.093789226,6.866101554,20580,247,229,14,6.113537118,1.583179014,11534|11629|12520|12522|13642|13655|13848|16196|17863|54371|58205|74256|171285|320404,Adk|Aif1|Cd81|Cd83|Efnb2|Egr3|Ephb6|Il7|Myb|Chst2|Pdcd1lg2|Cyld|Havcr2|Itpkb,-2.069628778,0,1,1,1,-6.122174631,6.912999664,
1,-5.88770449,GO:0022409,M1,1,0,GO Biological Processes,19,positive regulation of cell-cell adhesion,19_GO:0022610 biological adhesion,-5.88770449,4.538838163,6.51643142,20580,297,229,15,6.550218341,1.634930488,11534|11629|12520|12522|13642|13655|13848|16196|17863|54371|55985|58205|74256|171285|320404,Adk|Aif1|Cd81|Cd83|Efnb2|Egr3|Ephb6|Il7|Myb|Chst2|Cxcl13|Pdcd1lg2|Cyld|Havcr2|Itpkb,-2.069628778,0,1,0,0,-6.122174631,6.912999664,
1,-5.859937404,GO:0050870,M1,1,0,GO Biological Processes,19,positive regulation of T cell activation,19_GO:0022610 biological adhesion,-5.859937404,5.238999745,6.75143252,20580,223,229,13,5.676855895,1.529133237,11534|11629|12520|12522|13642|13655|13848|16196|17863|58205|74256|171285|320404,Adk|Aif1|Cd81|Cd83|Efnb2|Egr3|Ephb6|Il7|Myb|Pdcd1lg2|Cyld|Havcr2|Itpkb,-2.069628778,0,1,0,0,-6.122174631,6.912999664,
1,-4.644111233,GO:0034330,M1,1,0,GO Biological Processes,19,cell junction organization,19_GO:0009987 cellular process,-4.644111233,3.110849849,5.171666924,20580,520,229,18,7.860262009,1.778378735,12260|12262|13642|16001|16400|19280|21809|21923|77057|77446|83453|93707|94190|104027|107065|195733|235431|237979,C1qb|C1qc|Efnb2|Igf1r|Itga3|Ptprs|Tgfb3|Tnc|Ston1|Heg1|Chrdl1|Pcdhgc4|Ophn1|Synpo|Lrrtm2|Grhl1|Coro2b|Sdk2,-1.012082731,0,2,1,1,-4.644111233,3.744541485,
1,-4.527839757,GO:0045785,M1,1,0,GO Biological Processes,19,positive regulation of cell adhesion,19_GO:0022610 biological adhesion,-4.527839757,3.176243089,5.123063225,20580,481,229,17,7.423580786,1.73236407,11534|11629|12520|12522|12977|13642|13655|13848|16196|16400|17863|54371|55985|58205|74256|171285|320404,Adk|Aif1|Cd81|Cd83|Csf1|Efnb2|Egr3|Ephb6|Il7|Itga3|Myb|Chst2|Cxcl13|Pdcd1lg2|Cyld|Havcr2|Itpkb,-1.012082731,0,1,0,0,-6.122174631,6.912999664,
1,-4.501361361,GO:1903037,M1,1,0,GO Biological Processes,19,regulation of leukocyte cell-cell adhesion,19_GO:0022610 biological adhesion,-4.501361361,3.678847774,5.299248559,20580,342,229,14,6.113537118,1.583179014,11534|11629|12520|12522|13642|13655|13848|16196|17863|54371|58205|74256|171285|320404,Adk|Aif1|Cd81|Cd83|Efnb2|Egr3|Ephb6|Il7|Myb|Chst2|Pdcd1lg2|Cyld|Havcr2|Itpkb,-1.012082731,0,1,0,0,-6.122174631,6.912999664,
1,-4.419042209,GO:0050863,M1,1,0,GO Biological Processes,19,regulation of T cell activation,19_GO:0002376 immune system process,-4.419042209,3.615419365,5.219736099,20580,348,229,14,6.113537118,1.583179014,11534|11629|12520|12522|13642|13655|13848|16196|17863|58205|59009|74256|171285|320404,Adk|Aif1|Cd81|Cd83|Efnb2|Egr3|Ephb6|Il7|Myb|Pdcd1lg2|Sh3rf1|Cyld|Havcr2|Itpkb,-0.996710368,0,1,0,0,-6.122174631,6.912999664,
1,-4.296456941,GO:0050808,M1,1,0,GO Biological Processes,19,synapse organization,19_GO:0009987 cellular process,-4.296456941,3.744541485,5.181776135,20580,312,229,13,5.676855895,1.529133237,12260|12262|13642|16001|16400|19280|21923|83453|93707|94190|104027|107065|237979,C1qb|C1qc|Efnb2|Igf1r|Itga3|Ptprs|Tnc|Chrdl1|Pcdhgc4|Ophn1|Synpo|Lrrtm2|Sdk2,-0.932117047,0,2,0,0,-4.644111233,3.744541485,
1,-4.216419482,GO:0042832,M1,1,0,GO Biological Processes,19,defense response to protozoan,19_GO:0044419 biological process involved in interspecies interaction between organisms,-4.216419482,11.82486785,7.084839832,20580,38,229,5,2.183406114,0.965730145,15900|16364|27027|53314|60440,Irf8|Irf4|Tspan32|Batf|Iigp1,-0.903232111,0,3,1,1,-4.216419482,12.83842795,
1,-4.069524746,GO:0046578,M1,1,0,GO Biological Processes,19,regulation of Ras protein signal transduction,19_GO:0023052 signaling,-4.069524746,4.493449782,5.266285628,20580,200,229,10,4.366812227,1.350419915,12977|16400|21858|59079|77446|94190|107746|108058|211673|320404,Csf1|Itga3|Timp2|Erbin|Heg1|Ophn1|Rapgef1|Camk2d|Arfgef1|Itpkb,-0.802094865,0,4,1,1,-4.069524746,6.535926955,
1,-4.003019697,GO:0001562,M1,1,0,GO Biological Processes,19,response to protozoan,19_GO:0044419 biological process involved in interspecies interaction between organisms,-4.003019697,10.69868996,6.6741451,20580,42,229,5,2.183406114,0.965730145,15900|16364|27027|53314|60440,Irf8|Irf4|Tspan32|Batf|Iigp1,-0.776982502,0,3,0,0,-4.216419482,12.83842795,
1,-3.605756853,GO:0002360,M1,1,0,GO Biological Processes,19,T cell lineage commitment,19_GO:0002376 immune system process,-3.605756853,12.83842795,6.649408326,20580,28,229,4,1.746724891,0.865701223,16196|16364|53314|74256,Il7|Irf4|Batf|Cyld,-0.519336037,0,3,0,0,-4.216419482,12.83842795,
1,-3.604764967,GO:0022407,M1,1,0,GO Biological Processes,19,regulation of cell-cell adhesion,19_GO:0022610 biological adhesion,-3.604764967,2.886584442,4.374548741,20580,467,229,15,6.550218341,1.634930488,11534|11629|12520|12522|13642|13655|13848|16196|17863|54371|55985|58205|74256|171285|320404,Adk|Aif1|Cd81|Cd83|Efnb2|Egr3|Ephb6|Il7|Myb|Chst2|Cxcl13|Pdcd1lg2|Cyld|Havcr2|Itpkb,-0.519336037,0,1,0,0,-6.122174631,6.912999664,
1,-3.574784137,GO:0050920,M1,1,0,GO Biological Processes,19,regulation of chemotaxis,19_GO:0040011 locomotion,-3.574784137,3.907347636,4.703440701,20580,230,229,10,4.366812227,1.350419915,11629|12977|13642|14173|15945|16803|18846|53416|55985|214968,Aif1|Csf1|Efnb2|Fgf2|Cxcl10|Lbp|Plxna3|Stk39|Cxcl13|Sema6d,-0.519336037,0,5,1,1,-3.574784137,16.85043668,
1,-3.568977731,GO:0032946,M1,1,0,GO Biological Processes,19,positive regulation of mononuclear cell proliferation,19_GO:0048518 positive regulation of biological process,-3.568977731,4.825180974,4.970926101,20580,149,229,8,3.493449782,1.213355063,11534|11629|12520|12977|16196|58205|171285|380797,Adk|Aif1|Cd81|Csf1|Il7|Pdcd1lg2|Havcr2|Ighd,-0.519336037,0,1,0,0,-6.122174631,6.912999664,
1,-3.558271954,GO:0045927,M1,1,0,GO Biological Processes,19,positive regulation of growth,19_GO:0040007 growth,-3.558271954,3.349155117,4.506904386,20580,322,229,12,5.240174672,1.472540562,12520|12977|14173|16001|16196|21814|22393|56449|71653|76574|110196|381101,Cd81|Csf1|Fgf2|Igf1r|Il7|Tgfbr3|Wfs1|Ybx3|Shtn1|Mfsd2a|Fdps|Dnph1,-0.519336037,0,6,1,1,-3.558271954,7.247499648,
1,-3.556316996,GO:0150146,M1,1,0,GO Biological Processes,19,cell junction disassembly,19_GO:0009987 cellular process,-3.556316996,22.46724891,7.8905628,20580,12,229,3,1.310043668,0.751383447,12260|12262|77057,C1qb|C1qc|Ston1,-0.519336037,0,7,1,1,-3.556316996,22.46724891,
1,-3.529901181,GO:0051056,M1,1,0,GO Biological Processes,19,regulation of small GTPase mediated signal transduction,19_GO:0023052 signaling,-3.529901181,3.857038439,4.65244073,20580,233,229,10,4.366812227,1.350419915,12977|16400|21858|59079|77446|94190|107746|108058|211673|320404,Csf1|Itga3|Timp2|Erbin|Heg1|Ophn1|Rapgef1|Camk2d|Arfgef1|Itpkb,-0.517743805,0,4,0,0,-4.069524746,6.535926955,
1,-3.329326908,GO:0051251,M1,1,0,GO Biological Processes,19,positive regulation of lymphocyte activation,19_GO:0002376 immune system process,-3.329326908,2.840103699,4.153208882,20580,443,229,14,6.113537118,1.583179014,11534|11629|12520|12522|13642|13655|13848|16196|17863|58205|74256|171285|320404|380797,Adk|Aif1|Cd81|Cd83|Efnb2|Egr3|Ephb6|Il7|Myb|Pdcd1lg2|Cyld|Havcr2|Itpkb|Ighd,-0.374533202,0,1,0,0,-6.122174631,6.912999664,
1,-3.323956586,GO:0010975,M1,1,0,GO Biological Processes,19,regulation of neuron projection development,19_GO:0032502 developmental process,-3.323956586,2.609626007,4.062638168,20580,551,229,16,6.986899563,1.68459912,13642|16001|16400|18508|18846|19280|26563|52163|71653|74498|76574|107746|109905|211134|214968|330938,Efnb2|Igf1r|Itga3|Pax6|Plxna3|Ptprs|Ror1|Camk1|Shtn1|Gorasp1|Mfsd2a|Rapgef1|Rap1a|Lzts1|Sema6d|Dixdc1,-0.374533202,0,8,1,1,-3.323956586,3.32848132,
1,-3.301495756,GO:0030155,M1,1,0,GO Biological Processes,19,regulation of cell adhesion,19_GO:0022610 biological adhesion,-3.301495756,2.295504358,3.920640894,20580,783,229,20,8.733624454,1.865670383,11534|11629|12520|12522|12977|13642|13655|13848|16196|16400|17863|18846|21923|54371|55985|58205|74256|171285|235431|320404,Adk|Aif1|Cd81|Cd83|Csf1|Efnb2|Egr3|Ephb6|Il7|Itga3|Myb|Plxna3|Tnc|Chst2|Cxcl13|Pdcd1lg2|Cyld|Havcr2|Coro2b|Itpkb,-0.374533202,0,1,0,0,-6.122174631,6.912999664,
1,-3.273377659,GO:2000406,M1,1,0,GO Biological Processes,19,positive regulation of T cell migration,19_GO:0040011 locomotion,-3.273377659,10.57282302,5.92587988,20580,34,229,4,1.746724891,0.865701223,11629|15945|53416|55985,Aif1|Cxcl10|Stk39|Cxcl13,-0.374533202,0,5,0,0,-3.574784137,16.85043668,
1,-3.272159713,GO:0070665,M1,1,0,GO Biological Processes,19,positive regulation of leukocyte proliferation,19_GO:0048518 positive regulation of biological process,-3.272159713,4.357284637,4.592957647,20580,165,229,8,3.493449782,1.213355063,11534|11629|12520|12977|16196|58205|171285|380797,Adk|Aif1|Cd81|Csf1|Il7|Pdcd1lg2|Havcr2|Ighd,-0.374533202,0,1,0,0,-6.122174631,6.912999664,
1,-3.25915398,GO:0045596,M1,1,0,GO Biological Processes,19,negative regulation of cell differentiation,19_GO:0048519 negative regulation of biological process,-3.25915398,2.339056051,3.907661431,20580,730,229,19,8.296943231,1.822775675,11839|12262|12316|15903|15945|17385|17863|18508|18846|19280|21814|22129|74256|74498|106042|214968|234515|320404|330938,Areg|C1qc|Aspm|Id3|Cxcl10|Mmp11|Myb|Pax6|Plxna3|Ptprs|Tgfbr3|Ttc3|Cyld|Gorasp1|Prickle1|Sema6d|Inpp4b|Itpkb|Dixdc1,-0.374533202,0,9,1,1,-3.25915398,2.339056051,
1,-3.224448329,GO:0055017,M1,1,0,GO Biological Processes,19,cardiac muscle tissue growth,19_GO:0040007 growth,-3.224448329,10.27074236,5.82280785,20580,35,229,4,1.746724891,0.865701223,14173|21814|77446|108058,Fgf2|Tgfbr3|Heg1|Camk2d,-0.374533202,0,10,1,1,-3.224448329,10.27074236,
1,-3.222507529,GO:0002696,M1,1,0,GO Biological Processes,19,positive regulation of leukocyte activation,19_GO:0002376 immune system process,-3.222507529,2.653612076,4.003198864,20580,508,229,15,6.550218341,1.634930488,11534|11629|12520|12522|13642|13655|13848|16196|16803|17863|58205|74256|171285|320404|380797,Adk|Aif1|Cd81|Cd83|Efnb2|Egr3|Ephb6|Il7|Lbp|Myb|Pdcd1lg2|Cyld|Havcr2|Itpkb|Ighd,-0.374533202,0,1,0,0,-6.122174631,6.912999664,
1,-3.200110481,GO:0046622,M1,1,0,GO Biological Processes,19,positive regulation of organ growth,19_GO:0040007 growth,-3.200110481,7.247499648,5.226026047,20580,62,229,5,2.183406114,0.965730145,14173|16196|21814|56449|110196,Fgf2|Il7|Tgfbr3|Ybx3|Fdps,-0.374533202,0,6,0,0,-3.558271954,7.247499648,
1,-3.177071483,GO:0043368,M1,1,0,GO Biological Processes,19,positive T cell selection,19_GO:0002376 immune system process,-3.177071483,9.985443959,5.723810997,20580,36,229,4,1.746724891,0.865701223,16364|53314|74256|320404,Irf4|Batf|Cyld|Itpkb,-0.374533202,0,3,0,0,-4.216419482,12.83842795,
1,-3.167112517,GO:0120035,M1,1,0,GO Biological Processes,19,regulation of plasma membrane bounded cell projection organization,19_GO:0050789 regulation of biological process,-3.167112517,2.29813044,3.823065526,20580,743,229,19,8.296943231,1.822775675,13642|14569|16001|16400|18508|18846|19280|21809|26563|52163|71653|74256|74498|76574|107746|109905|211134|214968|330938,Efnb2|Gdi2|Igf1r|Itga3|Pax6|Plxna3|Ptprs|Tgfb3|Ror1|Camk1|Shtn1|Cyld|Gorasp1|Mfsd2a|Rapgef1|Rap1a|Lzts1|Sema6d|Dixdc1,-0.374533202,0,8,0,0,-3.323956586,3.32848132,
1,-3.164841828,GO:0010819,M1,1,0,GO Biological Processes,19,regulation of T cell chemotaxis,19_GO:0040011 locomotion,-3.164841828,16.85043668,6.727975835,20580,16,229,3,1.310043668,0.751383447,15945|53416|55985,Cxcl10|Stk39|Cxcl13,-0.374533202,0,5,0,0,-3.574784137,16.85043668,
1,-3.097878688,GO:0002690,M1,1,0,GO Biological Processes,19,positive regulation of leukocyte chemotaxis,19_GO:0040011 locomotion,-3.097878688,5.502183406,4.739003588,20580,98,229,6,2.620087336,1.055540334,11629|12977|15945|16803|53416|55985,Aif1|Csf1|Cxcl10|Lbp|Stk39|Cxcl13,-0.33227401,0,5,0,0,-3.574784137,16.85043668,
1,-3.060568938,GO:0050867,M1,1,0,GO Biological Processes,19,positive regulation of cell activation,19_GO:0048518 positive regulation of biological process,-3.060568938,2.557941052,3.843294369,20580,527,229,15,6.550218341,1.634930488,11534|11629|12520|12522|13642|13655|13848|16196|16803|17863|58205|74256|171285|320404|380797,Adk|Aif1|Cd81|Cd83|Efnb2|Egr3|Ephb6|Il7|Lbp|Myb|Pdcd1lg2|Cyld|Havcr2|Itpkb|Ighd,-0.33227401,0,1,0,0,-6.122174631,6.912999664,
1,-3.057366856,GO:0031344,M1,1,0,GO Biological Processes,19,regulation of cell projection organization,19_GO:0050789 regulation of biological process,-3.057366856,2.249685003,3.721308395,20580,759,229,19,8.296943231,1.822775675,13642|14569|16001|16400|18508|18846|19280|21809|26563|52163|71653|74256|74498|76574|107746|109905|211134|214968|330938,Efnb2|Gdi2|Igf1r|Itga3|Pax6|Plxna3|Ptprs|Tgfb3|Ror1|Camk1|Shtn1|Cyld|Gorasp1|Mfsd2a|Rapgef1|Rap1a|Lzts1|Sema6d|Dixdc1,-0.33227401,0,8,0,0,-3.323956586,3.32848132,
1,-3.045724495,R-MMU-9009391,M1,1,0,Reactome Gene Sets,6,Extra-nuclear estrogen signaling,,-3.045724495,6.706641465,4.962955677,20580,67,229,5,2.183406114,0.965730145,11839|12315|16001|18710|66066,Areg|Calm3|Igf1r|Pik3r3|Gng11,-0.33227401,0,11,1,1,-3.045724495,6.706641465,
1,-3.04340139,GO:2000403,M1,1,0,GO Biological Processes,19,positive regulation of lymphocyte migration,19_GO:0040011 locomotion,-3.04340139,9.217332885,5.448656011,20580,39,229,4,1.746724891,0.865701223,11629|15945|53416|55985,Aif1|Cxcl10|Stk39|Cxcl13,-0.33227401,0,5,0,0,-3.574784137,16.85043668,
1,-3.04340139,GO:0060419,M1,1,0,GO Biological Processes,19,heart growth,19_GO:0040007 growth,-3.04340139,9.217332885,5.448656011,20580,39,229,4,1.746724891,0.865701223,14173|21814|77446|108058,Fgf2|Tgfbr3|Heg1|Camk2d,-0.33227401,0,10,0,0,-3.224448329,10.27074236,
1,-3.016455881,mmu05211,M1,1,0,KEGG Pathway,24,Renal cell carcinoma,,-3.016455881,6.608014385,4.913563455,20580,68,229,5,2.183406114,0.965730145,18710|21809|107746|109905|112407,Pik3r3|Tgfb3|Rapgef1|Rap1a|Egln3,-0.332108092,0,12,1,1,-3.016455881,7.929617262,
1,-3.008473366,GO:0099150,M1,1,0,GO Biological Processes,19,regulation of postsynaptic specialization assembly,19_GO:0032502 developmental process,-3.008473366,14.97816594,6.293478669,20580,18,229,3,1.310043668,0.751383447,19280|107065|236915,Ptprs|Lrrtm2|Arhgef9,-0.332108092,0,13,1,1,-3.008473366,14.97816594,
1,-3.008473366,GO:0050862,M1,1,0,GO Biological Processes,19,positive regulation of T cell receptor signaling pathway,19_GO:0002376 immune system process,-3.008473366,14.97816594,6.293478669,20580,18,229,3,1.310043668,0.751383447,12520|69727|74256,Cd81|Usp46|Cyld,-0.332108092,0,14,1,1,-3.008473366,14.97816594,
1,-2.937403713,GO:0002042,M1,1,0,GO Biological Processes,19,cell migration involved in sprouting angiogenesis,19_GO:0040011 locomotion,-2.937403713,14.18984142,6.101424695,20580,19,229,3,1.310043668,0.751383447,13642|13655|14173,Efnb2|Egr3|Fgf2,-0.285171241,0,15,1,1,-2.937403713,14.18984142,
1,-2.935350395,GO:0033674,M1,1,0,GO Biological Processes,19,positive regulation of kinase activity,19_GO:0048518 positive regulation of biological process,-2.935350395,2.704391072,3.797800529,20580,432,229,13,5.676855895,1.529133237,11839|12520|12977|13848|14173|16001|17937|26563|52163|67468|72119|109905|269582,Areg|Cd81|Csf1|Ephb6|Fgf2|Igf1r|Nab2|Ror1|Camk1|Mmd|Tpx2|Rap1a|Clspn,-0.285171241,0,16,1,1,-2.935350395,2.704391072,
1,-2.92008937,GO:0045582,M1,1,0,GO Biological Processes,19,positive regulation of T cell differentiation,19_GO:0022610 biological adhesion,-2.92008937,5.086924281,4.474918935,20580,106,229,6,2.620087336,1.055540334,12522|13655|16196|17863|74256|320404,Cd83|Egr3|Il7|Myb|Cyld|Itpkb,-0.285171241,0,1,0,0,-6.122174631,6.912999664,
1,-2.919132666,mmu04014,M1,1,0,KEGG Pathway,24,Ras signaling pathway,,-2.919132666,3.486297244,4.039923805,20580,232,229,9,3.930131004,1.284042421,12315|12977|14173|16001|18710|19696|66066|109905|217944,Calm3|Csf1|Fgf2|Igf1r|Pik3r3|Rel|Gng11|Rap1a|Rapgef5,-0.285171241,0,11,0,0,-3.045724495,6.706641465,
1,-2.881125038,GO:0050671,M1,1,0,GO Biological Processes,19,positive regulation of lymphocyte proliferation,19_GO:0002376 immune system process,-2.881125038,4.279475983,4.232861438,20580,147,229,7,3.056768559,1.137554686,11534|11629|12520|16196|58205|171285|380797,Adk|Aif1|Cd81|Il7|Pdcd1lg2|Havcr2|Ighd,-0.257147834,0,1,0,0,-6.122174631,6.912999664,
1,-2.850810542,mmu05214,M1,1,0,KEGG Pathway,24,Glioma,,-2.850810542,6.072229435,4.636724273,20580,74,229,5,2.183406114,0.965730145,12315|16001|18710|52163|108058,Calm3|Igf1r|Pik3r3|Camk1|Camk2d,-0.236593175,0,17,1,1,-2.850810542,8.986899563,
1,-2.836615448,GO:0040008,M1,1,0,GO Biological Processes,19,regulation of growth,19_GO:0040007 growth,-2.836615448,2.209893335,3.535747532,20580,732,229,18,7.860262009,1.778378735,12442|12520|12580|12977|14173|16001|16196|18846|19280|21814|21923|22393|56449|71653|76574|110196|214968|381101,Ccnb2|Cd81|Cdkn2c|Csf1|Fgf2|Igf1r|Il7|Plxna3|Ptprs|Tgfbr3|Tnc|Wfs1|Ybx3|Shtn1|Mfsd2a|Fdps|Sema6d|Dnph1,-0.234810359,0,6,0,0,-3.558271954,7.247499648,
1,-2.830142382,GO:0048534,M1,1,0,GO Biological Processes,19,hematopoietic or lymphoid organ development,19_GO:0002376 immune system process,-2.830142382,2.150517528,3.507207699,20580,794,229,19,8.296943231,1.822775675,12145|12442|12520|12977|15900|16196|16364|17349|17863|20741|21814|21949|53314|55985|74041|74256|76044|108800|320404,Cxcr5|Ccnb2|Cd81|Csf1|Irf8|Il7|Irf4|Mlf1|Myb|Sptb|Tgfbr3|Tnfsf8|Batf|Cxcl13|Ddias|Cyld|Ncapg2|Ston2|Itpkb,-0.234810359,0,3,0,0,-4.216419482,12.83842795,
1,-2.813991631,GO:0050921,M1,1,0,GO Biological Processes,19,positive regulation of chemotaxis,19_GO:0040011 locomotion,-2.813991631,4.16611238,4.142173091,20580,151,229,7,3.056768559,1.137554686,11629|12977|14173|15945|16803|53416|55985,Aif1|Csf1|Fgf2|Cxcl10|Lbp|Stk39|Cxcl13,-0.22976422,0,5,0,0,-3.574784137,16.85043668,
1,-2.806998021,GO:0043369,M1,1,0,GO Biological Processes,19,"CD4-positive or CD8-positive, alpha-beta T cell lineage commitment",19_GO:0002376 immune system process,-2.806998021,12.83842795,5.757576101,20580,21,229,3,1.310043668,0.751383447,16364|53314|74256,Irf4|Batf|Cyld,-0.22976422,0,3,0,0,-4.216419482,12.83842795,
1,-2.741952673,GO:0001775,M1,1,0,GO Biological Processes,19,cell activation,19_GO:0009987 cellular process,-2.741952673,2.227074236,3.467439053,20580,686,229,17,7.423580786,1.73236407,11629|12145|12520|13848|15900|15945|16196|16364|16803|17863|21949|26909|27027|53314|74256|171285|320404,Aif1|Cxcr5|Cd81|Ephb6|Irf8|Cxcl10|Il7|Irf4|Lbp|Myb|Tnfsf8|Exo1|Tspan32|Batf|Cyld|Havcr2|Itpkb,-0.185001144,0,3,0,0,-4.216419482,12.83842795,
1,-2.737356852,GO:2000404,M1,1,0,GO Biological Processes,19,regulation of T cell migration,19_GO:0040011 locomotion,-2.737356852,7.64842516,4.840369407,20580,47,229,4,1.746724891,0.865701223,11629|15945|53416|55985,Aif1|Cxcl10|Stk39|Cxcl13,-0.185001144,0,5,0,0,-3.574784137,16.85043668,
1,-2.734559347,GO:0001818,M1,1,0,GO Biological Processes,19,negative regulation of cytokine production,19_GO:0048519 negative regulation of biological process,-2.734559347,3.036114717,3.742900613,20580,296,229,10,4.366812227,1.350419915,12522|16178|16803|19280|19696|21809|58205|59079|70790|171285,Cd83|Il1r2|Lbp|Ptprs|Rel|Tgfb3|Pdcd1lg2|Erbin|Ubr5|Havcr2,-0.185001144,0,18,1,1,-2.734559347,4.048152956,
1,-2.724419472,GO:0046530,M1,1,0,GO Biological Processes,19,photoreceptor cell differentiation,19_GO:0032502 developmental process,-2.724419472,5.687911116,4.428354595,20580,79,229,5,2.183406114,0.965730145,18508|76260|76574|237979|330166,Pax6|Ttc8|Mfsd2a|Sdk2|Miat,-0.185001144,0,19,1,1,-2.724419472,6.740174672,
1,-2.720037265,GO:0048638,M1,1,0,GO Biological Processes,19,regulation of developmental growth,19_GO:0040007 growth,-2.720037265,2.682656586,3.614152344,20580,402,229,12,5.240174672,1.472540562,12977|14173|16001|16196|18846|19280|21814|56449|71653|76574|110196|214968,Csf1|Fgf2|Igf1r|Il7|Plxna3|Ptprs|Tgfbr3|Ybx3|Shtn1|Mfsd2a|Fdps|Sema6d,-0.185001144,0,6,0,0,-3.558271954,7.247499648,
1,-2.708173249,GO:0032944,M1,1,0,GO Biological Processes,19,regulation of mononuclear cell proliferation,19_GO:0050789 regulation of biological process,-2.708173249,3.248276951,3.786231018,20580,249,229,9,3.930131004,1.284042421,11534|11629|12520|12977|16196|58205|59009|171285|380797,Adk|Aif1|Cd81|Csf1|Il7|Pdcd1lg2|Sh3rf1|Havcr2|Ighd,-0.181106057,0,1,0,0,-6.122174631,6.912999664,
1,-2.689745567,GO:1901623,M1,1,0,GO Biological Processes,19,regulation of lymphocyte chemotaxis,19_GO:0040011 locomotion,-2.689745567,11.72204291,5.457560874,20580,23,229,3,1.310043668,0.751383447,15945|53416|55985,Cxcl10|Stk39|Cxcl13,-0.178190542,0,5,0,0,-3.574784137,16.85043668,
1,-2.689745567,GO:0099149,M1,1,0,GO Biological Processes,19,regulation of postsynaptic neurotransmitter receptor internalization,19_GO:0051179 localization,-2.689745567,11.72204291,5.457560874,20580,23,229,3,1.310043668,0.751383447,13642|69727|94190,Efnb2|Usp46|Ophn1,-0.178190542,0,20,1,1,-2.689745567,11.72204291,
1,-2.674242837,GO:0030335,M1,1,0,GO Biological Processes,19,positive regulation of cell migration,19_GO:0040011 locomotion,-2.674242837,2.336282382,3.45362818,20580,577,229,15,6.550218341,1.634930488,11629|12977|14173|15945|16001|16400|16803|18508|22051|53416|55985|66313|71653|108058|214968,Aif1|Csf1|Fgf2|Cxcl10|Igf1r|Itga3|Lbp|Pax6|Trip6|Stk39|Cxcl13|Smurf2|Shtn1|Camk2d|Sema6d,-0.170429362,0,5,0,0,-3.574784137,16.85043668,
1,-2.667007231,GO:0051347,M1,1,0,GO Biological Processes,19,positive regulation of transferase activity,19_GO:0065007 biological regulation,-2.667007231,2.419549882,3.477954236,20580,520,229,14,6.113537118,1.583179014,11839|12520|12977|13848|14173|16001|17937|26563|52163|67468|72119|109905|218442|269582,Areg|Cd81|Csf1|Ephb6|Fgf2|Igf1r|Nab2|Ror1|Camk1|Mmd|Tpx2|Rap1a|Serinc5|Clspn,-0.170429362,0,16,0,0,-2.935350395,2.704391072,
1,-2.636709907,GO:0043410,M1,1,0,GO Biological Processes,19,positive regulation of MAPK cascade,19_GO:0023052 signaling,-2.636709907,2.401080036,3.446223388,20580,524,229,14,6.113537118,1.583179014,12520|14173|16001|17952|18390|21809|21858|53416|59009|107746|108058|109905|171285|330938,Cd81|Fgf2|Igf1r|Naip6|Oprm1|Tgfb3|Timp2|Stk39|Sh3rf1|Rapgef1|Camk2d|Rap1a|Havcr2|Dixdc1,-0.15005256,0,21,1,1,-2.636709907,3.594759825,
1,-2.632152606,GO:0061564,M1,1,0,GO Biological Processes,19,axon development,19_GO:0032502 developmental process,-2.632152606,2.617543562,3.51811616,20580,412,229,12,5.240174672,1.472540562,13642|13848|16001|18227|18508|18846|21923|65254|71653|76260|214968|226841,Efnb2|Ephb6|Igf1r|Nr4a2|Pax6|Plxna3|Tnc|Dpysl5|Shtn1|Ttc8|Sema6d|Vash2,-0.15005256,0,22,1,1,-2.632152606,3.475596516,
1,-2.624961008,GO:0043549,M1,1,0,GO Biological Processes,19,regulation of kinase activity,19_GO:0008152 metabolic process,-2.624961008,2.170131997,3.351148616,20580,704,229,17,7.423580786,1.73236407,11839|12442|12520|12580|12977|13848|14173|16001|17937|18710|26563|52163|67468|72119|77446|109905|269582,Areg|Ccnb2|Cd81|Cdkn2c|Csf1|Ephb6|Fgf2|Igf1r|Nab2|Pik3r3|Ror1|Camk1|Mmd|Tpx2|Heg1|Rap1a|Clspn,-0.149922817,0,16,0,0,-2.935350395,2.704391072,
1,-2.609071723,GO:0045621,M1,1,0,GO Biological Processes,19,positive regulation of lymphocyte differentiation,19_GO:0002376 immune system process,-2.609071723,4.41978667,4.018688471,20580,122,229,6,2.620087336,1.055540334,12522|13655|16196|17863|74256|320404,Cd83|Egr3|Il7|Myb|Cyld|Itpkb,-0.140982392,0,1,0,0,-6.122174631,6.912999664,
1,-2.566469554,GO:0045580,M1,1,0,GO Biological Processes,19,regulation of T cell differentiation,19_GO:0002376 immune system process,-2.566469554,3.766963889,3.808424117,20580,167,229,7,3.056768559,1.137554686,12522|13655|16196|17863|59009|74256|320404,Cd83|Egr3|Il7|Myb|Sh3rf1|Cyld|Itpkb,-0.123550577,0,1,0,0,-6.122174631,6.912999664,
1,-2.556358425,GO:0002688,M1,1,0,GO Biological Processes,19,regulation of leukocyte chemotaxis,19_GO:0040011 locomotion,-2.556358425,4.31371179,3.941912639,20580,125,229,6,2.620087336,1.055540334,11629|12977|15945|16803|53416|55985,Aif1|Csf1|Cxcl10|Lbp|Stk39|Cxcl13,-0.123550577,0,5,0,0,-3.574784137,16.85043668,
1,-2.551919744,mmu04015,M1,1,0,KEGG Pathway,24,Rap1 signaling pathway,,-2.551919744,3.359588622,3.680673614,20580,214,229,8,3.493449782,1.213355063,12315|12977|14173|16001|18710|107746|109905|217944,Calm3|Csf1|Fgf2|Igf1r|Pik3r3|Rapgef1|Rap1a|Rapgef5,-0.123550577,0,11,0,0,-3.045724495,6.706641465,
1,-2.544593355,GO:0045058,M1,1,0,GO Biological Processes,19,T cell selection,19_GO:0002376 immune system process,-2.544593355,6.782565708,4.471289272,20580,53,229,4,1.746724891,0.865701223,16364|53314|74256|320404,Irf4|Batf|Cyld|Itpkb,-0.123550577,0,3,0,0,-4.216419482,12.83842795,
1,-2.544593355,R-MMU-936837,M1,1,0,Reactome Gene Sets,6,Ion transport by P-type ATPases,,-2.544593355,6.782565708,4.471289272,20580,53,229,4,1.746724891,0.865701223,11981|12315|57780|108058,Atp9a|Calm3|Fxyd7|Camk2d,-0.123550577,0,17,0,0,-2.850810542,8.986899563,
1,-2.544593355,R-MMU-380108,M1,1,0,Reactome Gene Sets,6,Chemokine receptors bind chemokines,,-2.544593355,6.782565708,4.471289272,20580,53,229,4,1.746724891,0.865701223,12145|12776|15945|55985,Cxcr5|Ccr8|Cxcl10|Cxcl13,-0.123550577,0,23,1,1,-2.544593355,6.782565708,
1,-2.54231854,GO:0048589,M1,1,0,GO Biological Processes,19,developmental growth,19_GO:0040007 growth,-2.54231854,2.439033284,3.380389637,20580,479,229,13,5.676855895,1.529133237,11839|12316|12520|12977|14173|18846|21814|21923|76044|76260|77446|106522|108058,Areg|Aspm|Cd81|Csf1|Fgf2|Plxna3|Tgfbr3|Tnc|Ncapg2|Ttc8|Heg1|Pkdcc|Camk2d,-0.123550577,0,10,0,0,-3.224448329,10.27074236,
1,-2.538646166,GO:0001817,M1,1,0,GO Biological Processes,19,regulation of cytokine production,19_GO:0032501 multicellular organismal process,-2.538646166,2.073899899,3.243511973,20580,780,229,18,7.860262009,1.778378735,11629|12520|12522|15900|16178|16196|16364|16803|19280|19696|21809|53314|58205|59079|70790|77446|171285|380797,Aif1|Cd81|Cd83|Irf8|Il1r2|Il7|Irf4|Lbp|Ptprs|Rel|Tgfb3|Batf|Pdcd1lg2|Erbin|Ubr5|Heg1|Havcr2|Ighd,-0.123550577,0,18,0,0,-2.734559347,4.048152956,
1,-2.533647961,GO:0050857,M1,1,0,GO Biological Processes,19,positive regulation of antigen receptor-mediated signaling pathway,19_GO:0002376 immune system process,-2.533647961,10.3694995,5.070979883,20580,26,229,3,1.310043668,0.751383447,12520|69727|74256,Cd81|Usp46|Cyld,-0.123550577,0,14,0,0,-3.008473366,14.97816594,
1,-2.527382622,GO:0045321,M1,1,0,GO Biological Processes,19,leukocyte activation,19_GO:0002376 immune system process,-2.527382622,2.254239021,3.301782188,20580,598,229,15,6.550218341,1.634930488,11629|12145|12520|13848|15900|16196|16364|16803|17863|21949|26909|53314|74256|171285|320404,Aif1|Cxcr5|Cd81|Ephb6|Irf8|Il7|Irf4|Lbp|Myb|Tnfsf8|Exo1|Batf|Cyld|Havcr2|Itpkb,-0.123275601,0,3,0,0,-4.216419482,12.83842795,
1,-2.50982006,GO:0030111,M1,1,0,GO Biological Processes,19,regulation of Wnt signaling pathway,19_GO:0023052 signaling,-2.50982006,2.826069045,3.481180937,20580,318,229,10,4.366812227,1.350419915,12316|14173|15248|16400|70790|74256|106042|107746|207742|330938,Aspm|Fgf2|Hic1|Itga3|Ubr5|Cyld|Prickle1|Rapgef1|Rnf43|Dixdc1,-0.119786965,0,24,1,1,-2.50982006,2.826069045,
1,-2.496374344,GO:0040007,M1,1,0,GO Biological Processes,19,growth,19_GO:0040007 growth,-2.496374344,2.408859677,3.330669967,20580,485,229,13,5.676855895,1.529133237,11839|12316|12520|12977|14173|18846|21814|21923|76044|76260|77446|106522|108058,Areg|Aspm|Cd81|Csf1|Fgf2|Plxna3|Tgfbr3|Tnc|Ncapg2|Ttc8|Heg1|Pkdcc|Camk2d,-0.119786965,0,10,0,0,-3.224448329,10.27074236,
1,-2.486947222,GO:2000147,M1,1,0,GO Biological Processes,19,positive regulation of cell motility,19_GO:0040011 locomotion,-2.486947222,2.231845918,3.259549577,20580,604,229,15,6.550218341,1.634930488,11629|12977|14173|15945|16001|16400|16803|18508|22051|53416|55985|66313|71653|108058|214968,Aif1|Csf1|Fgf2|Cxcl10|Igf1r|Itga3|Lbp|Pax6|Trip6|Stk39|Cxcl13|Smurf2|Shtn1|Camk2d|Sema6d,-0.119786965,0,5,0,0,-3.574784137,16.85043668,
1,-2.486043945,GO:0031295,M1,1,0,GO Biological Processes,19,T cell costimulation,19_GO:0022610 biological adhesion,-2.486043945,9.985443959,4.955880302,20580,27,229,3,1.310043668,0.751383447,12520|13642|58205,Cd81|Efnb2|Pdcd1lg2,-0.119786965,0,14,0,0,-3.008473366,14.97816594,
1,-2.485877594,GO:0046580,M1,1,0,GO Biological Processes,19,negative regulation of Ras protein signal transduction,19_GO:0023052 signaling,-2.485877594,6.535926955,4.360809454,20580,55,229,4,1.746724891,0.865701223,16400|21858|77446|107746,Itga3|Timp2|Heg1|Rapgef1,-0.119786965,0,4,0,0,-4.069524746,6.535926955,
1,-2.483798864,GO:0070663,M1,1,0,GO Biological Processes,19,regulation of leukocyte proliferation,19_GO:0050789 regulation of biological process,-2.483798864,3.006769371,3.514349489,20580,269,229,9,3.930131004,1.284042421,11534|11629|12520|12977|16196|58205|59009|171285|380797,Adk|Aif1|Cd81|Csf1|Il7|Pdcd1lg2|Sh3rf1|Havcr2|Ighd,-0.119786965,0,1,0,0,-6.122174631,6.912999664,
1,-2.483798864,R-MMU-418594,M1,1,0,Reactome Gene Sets,6,G alpha (i) signalling events,,-2.483798864,3.006769371,3.514349489,20580,269,229,9,3.930131004,1.284042421,12145|12315|12776|15199|15945|18390|19734|55985|66066,Cxcr5|Calm3|Ccr8|Hebp1|Cxcl10|Oprm1|Rgs16|Cxcl13|Gng11,-0.119786965,0,23,0,0,-2.544593355,6.782565708,
1,-2.478731827,GO:0048639,M1,1,0,GO Biological Processes,19,positive regulation of developmental growth,19_GO:0040007 growth,-2.478731827,3.267963478,3.587529722,20580,220,229,8,3.493449782,1.213355063,12977|14173|16001|16196|21814|56449|71653|110196,Csf1|Fgf2|Igf1r|Il7|Tgfbr3|Ybx3|Shtn1|Fdps,-0.119786965,0,6,0,0,-3.558271954,7.247499648,
1,-2.461815632,GO:1902105,M1,1,0,GO Biological Processes,19,regulation of leukocyte differentiation,19_GO:0002376 immune system process,-2.461815632,2.782321846,3.424812698,20580,323,229,10,4.366812227,1.350419915,12262|12522|12977|13655|16196|17863|59009|74256|234515|320404,C1qc|Cd83|Csf1|Egr3|Il7|Myb|Sh3rf1|Cyld|Inpp4b|Itpkb,-0.114290463,0,1,0,0,-6.122174631,6.912999664,
1,-2.457441058,GO:0001885,M1,1,0,GO Biological Processes,19,endothelial cell development,19_GO:0032502 developmental process,-2.457441058,6.419213974,4.307609314,20580,56,229,4,1.746724891,0.865701223,19280|77446|107746|109905,Ptprs|Heg1|Rapgef1|Rap1a,-0.114290463,0,12,0,0,-3.016455881,7.929617262,
1,-2.457441058,GO:2000649,M1,1,0,GO Biological Processes,19,regulation of sodium ion transmembrane transporter activity,19_GO:0051179 localization,-2.457441058,6.419213974,4.307609314,20580,56,229,4,1.746724891,0.865701223,53416|57780|93692|108058,Stk39|Fxyd7|Glrx|Camk2d,-0.114290463,0,17,0,0,-2.850810542,8.986899563,
1,-2.446688845,GO:0002694,M1,1,0,GO Biological Processes,19,regulation of leukocyte activation,19_GO:0002376 immune system process,-2.446688845,2.084274114,3.170886082,20580,733,229,17,7.423580786,1.73236407,11534|11629|12520|12522|13642|13655|13848|16196|16803|17863|27027|58205|59009|74256|171285|320404|380797,Adk|Aif1|Cd81|Cd83|Efnb2|Egr3|Ephb6|Il7|Lbp|Myb|Tspan32|Pdcd1lg2|Sh3rf1|Cyld|Havcr2|Itpkb|Ighd,-0.10867789,0,1,0,0,-6.122174631,6.912999664,
1,-2.419772885,GO:0002685,M1,1,0,GO Biological Processes,19,regulation of leukocyte migration,19_GO:0040011 locomotion,-2.419772885,3.195342067,3.51232668,20580,225,229,8,3.493449782,1.213355063,11629|12520|12977|15945|16803|53416|54371|55985,Aif1|Cd81|Csf1|Cxcl10|Lbp|Stk39|Chst2|Cxcl13,-0.086841456,0,5,0,0,-3.574784137,16.85043668,
1,-2.401557482,GO:0051249,M1,1,0,GO Biological Processes,19,regulation of lymphocyte activation,19_GO:0002376 immune system process,-2.401557482,2.184821612,3.169710829,20580,617,229,15,6.550218341,1.634930488,11534|11629|12520|12522|13642|13655|13848|16196|17863|58205|59009|74256|171285|320404|380797,Adk|Aif1|Cd81|Cd83|Efnb2|Egr3|Ephb6|Il7|Myb|Pdcd1lg2|Sh3rf1|Cyld|Havcr2|Itpkb|Ighd,-0.080435888,0,1,0,0,-6.122174631,6.912999664,
1,-2.396492427,GO:0032480,M1,1,0,GO Biological Processes,19,negative regulation of type I interferon production,19_GO:0048519 negative regulation of biological process,-2.396492427,9.296792652,4.742744767,20580,29,229,3,1.310043668,0.751383447,19280|19696|171285,Ptprs|Rel|Havcr2,-0.080435888,0,13,0,0,-3.008473366,14.97816594,
1,-2.396492427,GO:0031294,M1,1,0,GO Biological Processes,19,lymphocyte costimulation,19_GO:0002376 immune system process,-2.396492427,9.296792652,4.742744767,20580,29,229,3,1.310043668,0.751383447,12520|13642|58205,Cd81|Efnb2|Pdcd1lg2,-0.080435888,0,14,0,0,-3.008473366,14.97816594,
1,-2.376415935,mmu04061,M1,1,0,KEGG Pathway,24,Viral protein interaction with cytokine and cytokine receptor,,-2.376415935,4.729947139,3.865302548,20580,95,229,5,2.183406114,0.965730145,12145|12776|12977|15945|55985,Cxcr5|Ccr8|Csf1|Cxcl10|Cxcl13,-0.080435888,0,23,0,0,-2.544593355,6.782565708,
1,-2.375879337,GO:0051272,M1,1,0,GO Biological Processes,19,positive regulation of cellular component movement,19_GO:0051179 localization,-2.375879337,2.170748687,3.142513036,20580,621,229,15,6.550218341,1.634930488,11629|12977|14173|15945|16001|16400|16803|18508|22051|53416|55985|66313|71653|108058|214968,Aif1|Csf1|Fgf2|Cxcl10|Igf1r|Itga3|Lbp|Pax6|Trip6|Stk39|Cxcl13|Smurf2|Shtn1|Camk2d|Sema6d,-0.080435888,0,5,0,0,-3.574784137,16.85043668,
1,-2.375554489,R-MMU-187037,M1,1,0,Reactome Gene Sets,6,Signaling by NTRK1 (TRKA),,-2.375554489,6.092813263,4.155482862,20580,59,229,4,1.746724891,0.865701223,17937|107746|109905|319520,Nab2|Rapgef1|Rap1a|Dusp4,-0.080435888,0,12,0,0,-3.016455881,7.929617262,
1,-2.373792594,mmu04360,M1,1,0,KEGG Pathway,24,Axon guidance,,-2.373792594,3.475596516,3.548556373,20580,181,229,7,3.056768559,1.137554686,13642|13848|18710|18846|65254|108058|214968,Efnb2|Ephb6|Pik3r3|Plxna3|Dpysl5|Camk2d|Sema6d,-0.080435888,0,22,0,0,-2.632152606,3.475596516,
1,-2.373792594,WP2292,M1,1,0,WikiPathways,27,Chemokine signaling pathway,,-2.373792594,3.475596516,3.548556373,20580,181,229,7,3.056768559,1.137554686,12145|12776|15945|18710|55985|66066|109905,Cxcr5|Ccr8|Cxcl10|Pik3r3|Cxcl13|Gng11|Rap1a,-0.080435888,0,23,0,0,-2.544593355,6.782565708,
1,-2.369502723,GO:0040017,M1,1,0,GO Biological Processes,19,positive regulation of locomotion,19_GO:0040011 locomotion,-2.369502723,2.167258737,3.135745547,20580,622,229,15,6.550218341,1.634930488,11629|12977|14173|15945|16001|16400|16803|18508|22051|53416|55985|66313|71653|108058|214968,Aif1|Csf1|Fgf2|Cxcl10|Igf1r|Itga3|Lbp|Pax6|Trip6|Stk39|Cxcl13|Smurf2|Shtn1|Camk2d|Sema6d,-0.080435888,0,5,0,0,-3.574784137,16.85043668,
1,-2.354277578,GO:0043534,M1,1,0,GO Biological Processes,19,blood vessel endothelial cell migration,19_GO:0040011 locomotion,-2.354277578,8.986899563,4.643761804,20580,30,229,3,1.310043668,0.751383447,13642|13655|14173,Efnb2|Egr3|Fgf2,-0.080435888,0,15,0,0,-2.937403713,14.18984142,
1,-2.354277578,R-MMU-442755,M1,1,0,Reactome Gene Sets,6,Activation of NMDA receptors and postsynaptic events,,-2.354277578,8.986899563,4.643761804,20580,30,229,3,1.310043668,0.751383447,12315|52163|108058,Calm3|Camk1|Camk2d,-0.080435888,0,17,0,0,-2.850810542,8.986899563,
1,-2.349333758,GO:0050922,M1,1,0,GO Biological Processes,19,negative regulation of chemotaxis,19_GO:0040011 locomotion,-2.349333758,5.991266376,4.107094472,20580,60,229,4,1.746724891,0.865701223,11629|18846|55985|214968,Aif1|Plxna3|Cxcl13|Sema6d,-0.080435888,0,5,0,0,-3.574784137,16.85043668,
1,-2.349333758,GO:0001754,M1,1,0,GO Biological Processes,19,eye photoreceptor cell differentiation,19_GO:0032502 developmental process,-2.349333758,5.991266376,4.107094472,20580,60,229,4,1.746724891,0.865701223,18508|76260|237979|330166,Pax6|Ttc8|Sdk2|Miat,-0.080435888,0,19,0,0,-2.724419472,6.740174672,
1,-2.347865769,R-MMU-8939211,M1,1,0,Reactome Gene Sets,6,ESR-mediated signaling,,-2.347865769,3.437611855,3.51353228,20580,183,229,7,3.056768559,1.137554686,11839|12315|14229|16001|18710|66066|268903,Areg|Calm3|Fkbp5|Igf1r|Pik3r3|Gng11|Nrip1,-0.080435888,0,11,0,0,-3.045724495,6.706641465,
1,-2.314737428,mmu04550,M1,1,0,KEGG Pathway,24,Signaling pathways regulating pluripotency of stem cells,,-2.314737428,3.851528384,3.591189054,20580,140,229,6,2.620087336,1.055540334,14173|15903|16001|18423|18508|18710,Fgf2|Id3|Igf1r|Otx1|Pax6|Pik3r3,-0.054077224,0,25,1,1,-2.314737428,5.063042008,
1,-2.307151884,GO:0006935,M1,1,0,GO Biological Processes,19,chemotaxis,19_GO:0040011 locomotion,-2.307151884,2.286295388,3.12338337,20580,511,229,13,5.676855895,1.529133237,12145|12776|13642|13655|13848|15945|16803|18508|18846|55985|65254|76260|214968,Cxcr5|Ccr8|Efnb2|Egr3|Ephb6|Cxcl10|Lbp|Pax6|Plxna3|Cxcl13|Dpysl5|Ttc8|Sema6d,-0.054077224,0,22,0,0,-2.632152606,3.475596516,
1,-2.301893933,GO:0030900,M1,1,0,GO Biological Processes,19,forebrain development,19_GO:0032502 developmental process,-2.301893933,2.49636099,3.189461392,20580,396,229,11,4.80349345,1.41309502,12316|14173|18227|18423|18508|18846|19280|76260|76574|94190|330938,Aspm|Fgf2|Nr4a2|Otx1|Pax6|Plxna3|Ptprs|Ttc8|Mfsd2a|Ophn1|Dixdc1,-0.054077224,0,8,0,0,-3.323956586,3.32848132,
1,-2.298395799,GO:0051058,M1,1,0,GO Biological Processes,19,negative regulation of small GTPase mediated signal transduction,19_GO:0023052 signaling,-2.298395799,5.797999718,4.013521075,20580,62,229,4,1.746724891,0.865701223,16400|21858|77446|107746,Itga3|Timp2|Heg1|Rapgef1,-0.054077224,0,4,0,0,-4.069524746,6.535926955,
1,-2.274513198,GO:0030100,M1,1,0,GO Biological Processes,19,regulation of endocytosis,19_GO:0051179 localization,-2.274513198,3.020806576,3.326238588,20580,238,229,8,3.493449782,1.213355063,12315|13642|16803|69727|77057|94190|107065|108800,Calm3|Efnb2|Lbp|Usp46|Ston1|Ophn1|Lrrtm2|Ston2,-0.054077224,0,20,0,0,-2.689745567,11.72204291,
1,-2.274401325,R-MMU-977606,M1,1,0,Reactome Gene Sets,6,Regulation of Complement cascade,,-2.274401325,8.425218341,4.45898937,20580,32,229,3,1.310043668,0.751383447,12260|12262|12520,C1qb|C1qc|Cd81,-0.054077224,0,7,0,0,-3.556316996,22.46724891,
1,-2.274401325,GO:0032673,M1,1,0,GO Biological Processes,19,regulation of interleukin-4 production,19_GO:0032501 multicellular organismal process,-2.274401325,8.425218341,4.45898937,20580,32,229,3,1.310043668,0.751383447,12522|16364|171285,Cd83|Irf4|Havcr2,-0.054077224,0,26,1,1,-2.274401325,8.425218341,
1,-2.274401325,GO:0045662,M1,1,0,GO Biological Processes,19,negative regulation of myoblast differentiation,19_GO:0048519 negative regulation of biological process,-2.274401325,8.425218341,4.45898937,20580,32,229,3,1.310043668,0.751383447,15903|15945|106042,Id3|Cxcl10|Prickle1,-0.054077224,0,27,1,1,-2.274401325,8.425218341,
1,-2.273645479,GO:2000401,M1,1,0,GO Biological Processes,19,regulation of lymphocyte migration,19_GO:0040011 locomotion,-2.273645479,5.705967977,3.968252611,20580,63,229,4,1.746724891,0.865701223,11629|15945|53416|55985,Aif1|Cxcl10|Stk39|Cxcl13,-0.054077224,0,5,0,0,-3.574784137,16.85043668,
1,-2.27251001,GO:0042330,M1,1,0,GO Biological Processes,19,taxis,19_GO:0040011 locomotion,-2.27251001,2.264141363,3.08495427,20580,516,229,13,5.676855895,1.529133237,12145|12776|13642|13655|13848|15945|16803|18508|18846|55985|65254|76260|214968,Cxcr5|Ccr8|Efnb2|Egr3|Ephb6|Cxcl10|Lbp|Pax6|Plxna3|Cxcl13|Dpysl5|Ttc8|Sema6d,-0.054077224,0,22,0,0,-2.632152606,3.475596516,
1,-2.272289082,GO:1902107,M1,1,0,GO Biological Processes,19,positive regulation of leukocyte differentiation,19_GO:0002376 immune system process,-2.272289082,3.32848132,3.411311635,20580,189,229,7,3.056768559,1.137554686,12522|12977|13655|16196|17863|74256|320404,Cd83|Csf1|Egr3|Il7|Myb|Cyld|Itpkb,-0.054077224,0,1,0,0,-6.122174631,6.912999664,
1,-2.272289082,GO:1903708,M1,1,0,GO Biological Processes,19,positive regulation of hemopoiesis,19_GO:0002376 immune system process,-2.272289082,3.32848132,3.411311635,20580,189,229,7,3.056768559,1.137554686,12522|12977|13655|16196|17863|74256|320404,Cd83|Csf1|Egr3|Il7|Myb|Cyld|Itpkb,-0.054077224,0,1,0,0,-6.122174631,6.912999664,
1,-2.262770558,GO:0043087,M1,1,0,GO Biological Processes,19,regulation of GTPase activity,19_GO:0065007 biological regulation,-2.262770558,2.604898424,3.188911681,20580,345,229,10,4.366812227,1.350419915,13196|18846|19734|55985|76260|107746|109905|211673|212285|217944,Asap1|Plxna3|Rgs16|Cxcl13|Ttc8|Rapgef1|Rap1a|Arfgef1|Arap2|Rapgef5,-0.04841912,0,28,1,1,-2.262770558,2.604898424,
1,-2.252957458,mmu04060,M1,1,0,KEGG Pathway,24,Cytokine-cytokine receptor interaction,,-2.252957458,2.769934797,3.231216611,20580,292,229,9,3.930131004,1.284042421,12145|12776|12977|15945|16178|16196|21809|21949|55985,Cxcr5|Ccr8|Csf1|Cxcl10|Il1r2|Il7|Tgfb3|Tnfsf8|Cxcl13,-0.042432429,0,23,0,0,-2.544593355,6.782565708,
1,-2.243535487,GO:0080135,M1,1,0,GO Biological Processes,19,regulation of cellular response to stress,19_GO:0050896 response to stimulus,-2.243535487,2.039580043,2.979448761,20580,705,229,16,6.986899563,1.68459912,15248|16001|17952|18390|19280|22393|53416|56449|59009|70790|74041|74256|93692|107746|235431|330938,Hic1|Igf1r|Naip6|Oprm1|Ptprs|Wfs1|Stk39|Ybx3|Sh3rf1|Ubr5|Ddias|Cyld|Glrx|Rapgef1|Coro2b|Dixdc1,-0.036803447,0,21,0,0,-2.636709907,3.594759825,
1,-2.23654538,WP1253,M1,1,0,WikiPathways,27,Type II interferon signaling (IFNG),,-2.23654538,8.169908694,4.372535883,20580,33,229,3,1.310043668,0.751383447,15900|15945|16364,Irf8|Cxcl10|Irf4,-0.036447295,0,3,0,0,-4.216419482,12.83842795,
1,-2.235691314,mmu04062,M1,1,0,KEGG Pathway,24,Chemokine signaling pathway,,-2.235691314,3.276473799,3.361730975,20580,192,229,7,3.056768559,1.137554686,12145|12776|15945|18710|55985|66066|109905,Cxcr5|Ccr8|Cxcl10|Pik3r3|Cxcl13|Gng11|Rap1a,-0.036447295,0,23,0,0,-2.544593355,6.782565708,
1,-2.225505373,GO:0045661,M1,1,0,GO Biological Processes,19,regulation of myoblast differentiation,19_GO:0032502 developmental process,-2.225505373,5.530399731,3.880560316,20580,65,229,4,1.746724891,0.865701223,12180|15903|15945|106042,Smyd1|Id3|Cxcl10|Prickle1,-0.030950212,0,27,0,0,-2.274401325,8.425218341,
1,-2.222833131,R-MMU-9006934,M1,1,0,Reactome Gene Sets,6,Signaling by Receptor Tyrosine Kinases,,-2.222833131,2.434874266,3.09754663,20580,406,229,11,4.80349345,1.41309502,11839|12315|14173|16001|16400|17937|18710|59079|107746|109905|319520,Areg|Calm3|Fgf2|Igf1r|Itga3|Nab2|Pik3r3|Erbin|Rapgef1|Rap1a|Dusp4,-0.030950212,0,11,0,0,-3.045724495,6.706641465,
1,-2.215212161,GO:0002250,M1,1,0,GO Biological Processes,19,adaptive immune response,19_GO:0002376 immune system process,-2.215212161,2.319199887,3.052207542,20580,465,229,12,5.240174672,1.472540562,12260|12262|12520|13848|16364|21632|26909|53314|58205|171285|380797|385253,C1qb|C1qc|Cd81|Ephb6|Irf4|Trgv1|Exo1|Batf|Pdcd1lg2|Havcr2|Ighd|Igkv4-55,-0.026963526,0,29,1,1,-2.215212161,7.094920708,
1,-2.202087043,GO:0043542,M1,1,0,GO Biological Processes,19,endothelial cell migration,19_GO:0040011 locomotion,-2.202087043,5.446605796,3.838065831,20580,66,229,4,1.746724891,0.865701223,13642|13655|14173|55985,Efnb2|Egr3|Fgf2|Cxcl13,-0.022438152,0,15,0,0,-2.937403713,14.18984142,
1,-2.200761346,GO:0050670,M1,1,0,GO Biological Processes,19,regulation of lymphocyte proliferation,19_GO:0002376 immune system process,-2.200761346,2.934497817,3.231217523,20580,245,229,8,3.493449782,1.213355063,11534|11629|12520|16196|58205|59009|171285|380797,Adk|Aif1|Cd81|Il7|Pdcd1lg2|Sh3rf1|Havcr2|Ighd,-0.022438152,0,1,0,0,-6.122174631,6.912999664,
1,-2.199962922,GO:0061028,M1,1,0,GO Biological Processes,19,establishment of endothelial barrier,19_GO:0032502 developmental process,-2.199962922,7.929617262,4.289652012,20580,34,229,3,1.310043668,0.751383447,19280|107746|109905,Ptprs|Rapgef1|Rap1a,-0.022438152,0,12,0,0,-3.016455881,7.929617262,
1,-2.188072373,GO:0051302,M1,1,0,GO Biological Processes,19,regulation of cell division,19_GO:0050789 regulation of biological process,-2.188072373,3.209606987,3.297124621,20580,196,229,7,3.056768559,1.137554686,12145|12315|12316|14173|16001|18508|21809,Cxcr5|Calm3|Aspm|Fgf2|Igf1r|Pax6|Tgfb3,-0.014550743,0,25,0,0,-2.314737428,5.063042008,
1,-2.185070611,GO:0001764,M1,1,0,GO Biological Processes,19,neuron migration,19_GO:0040011 locomotion,-2.185070611,3.61888573,3.403312816,20580,149,229,6,2.620087336,1.055540334,12316|16400|18227|18508|59009|94222,Aspm|Itga3|Nr4a2|Pax6|Sh3rf1|Olig3,-0.014550743,0,30,1,1,-2.185070611,3.61888573,
1,-2.179085265,GO:1902305,M1,1,0,GO Biological Processes,19,regulation of sodium ion transmembrane transport,19_GO:0051179 localization,-2.179085265,5.365313172,3.796428411,20580,67,229,4,1.746724891,0.865701223,53416|57780|93692|108058,Stk39|Fxyd7|Glrx|Camk2d,-0.012025929,0,17,0,0,-2.850810542,8.986899563,
1,-2.171761996,GO:0072507,M1,1,0,GO Biological Processes,19,divalent inorganic cation homeostasis,19_GO:0065007 biological regulation,-2.171761996,2.200182567,2.972249171,20580,531,229,13,5.676855895,1.529133237,12145|12315|12776|14173|15945|18390|22393|22784|55985|94219|104027|108058|234515,Cxcr5|Calm3|Ccr8|Fgf2|Cxcl10|Oprm1|Wfs1|Slc30a3|Cxcl13|Cnnm2|Synpo|Camk2d|Inpp4b,-0.01180789,0,23,0,0,-2.544593355,6.782565708,
1,-2.171289364,GO:0046328,M1,1,0,GO Biological Processes,19,regulation of JNK cascade,19_GO:0023052 signaling,-2.171289364,3.594759825,3.383339733,20580,150,229,6,2.620087336,1.055540334,16001|17952|59009|74256|107746|330938,Igf1r|Naip6|Sh3rf1|Cyld|Rapgef1|Dixdc1,-0.01180789,0,21,0,0,-2.636709907,3.594759825,
1,-2.16642889,GO:0007167,M1,1,0,GO Biological Processes,19,enzyme linked receptor protein signaling pathway,19_GO:0023052 signaling,-2.16642889,2.121696356,2.940125352,20580,593,229,14,6.113537118,1.583179014,11839|12977|13642|13848|14173|16001|18710|21809|21814|66313|77057|83453|107746|243659,Areg|Csf1|Efnb2|Ephb6|Fgf2|Igf1r|Pik3r3|Tgfb3|Tgfbr3|Smurf2|Ston1|Chrdl1|Rapgef1|Styk1,-0.01180789,0,11,0,0,-3.045724495,6.706641465,
1,-2.161064216,GO:0050865,M1,1,0,GO Biological Processes,19,regulation of cell activation,19_GO:0050789 regulation of biological process,-2.161064216,1.948689956,2.872966812,20580,784,229,17,7.423580786,1.73236407,11534|11629|12520|12522|13642|13655|13848|16196|16803|17863|27027|58205|59009|74256|171285|320404|380797,Adk|Aif1|Cd81|Cd83|Efnb2|Egr3|Ephb6|Il7|Lbp|Myb|Tspan32|Pdcd1lg2|Sh3rf1|Cyld|Havcr2|Itpkb|Ighd,-0.01180789,0,1,0,0,-6.122174631,6.912999664,
1,-2.159204266,GO:0003014,M1,1,0,GO Biological Processes,19,renal system process,19_GO:0032501 multicellular organismal process,-2.159204266,4.199485777,3.519802757,20580,107,229,5,2.183406114,0.965730145,16400|22393|217733|235431|269823,Itga3|Wfs1|Tmem63c|Coro2b|Pon3,-0.01180789,0,31,1,1,-2.159204266,4.199485777,
1,-2.15866384,GO:0046649,M1,1,0,GO Biological Processes,19,lymphocyte activation,19_GO:0002376 immune system process,-2.15866384,2.279974519,2.987412908,20580,473,229,12,5.240174672,1.472540562,12145|12520|13848|15900|16196|16364|17863|21949|26909|53314|74256|320404,Cxcr5|Cd81|Ephb6|Irf8|Il7|Irf4|Myb|Tnfsf8|Exo1|Batf|Cyld|Itpkb,-0.01180789,0,3,0,0,-4.216419482,12.83842795,
1,-2.151702358,GO:0048667,M1,1,0,GO Biological Processes,19,cell morphogenesis involved in neuron differentiation,19_GO:0032502 developmental process,-2.151702358,2.275164446,2.97940488,20580,474,229,12,5.240174672,1.472540562,13642|13848|16001|18227|18508|18846|65254|71653|76260|76574|94190|214968,Efnb2|Ephb6|Igf1r|Nr4a2|Pax6|Plxna3|Dpysl5|Shtn1|Ttc8|Mfsd2a|Ophn1|Sema6d,-0.008124118,0,22,0,0,-2.632152606,3.475596516,
1,-2.145609882,mmu04151,M1,1,0,KEGG Pathway,24,PI3K-Akt signaling pathway,,-2.145609882,2.503314642,3.048125152,20580,359,229,10,4.366812227,1.350419915,11839|12977|14173|16001|16196|16400|17863|18710|21923|66066,Areg|Csf1|Fgf2|Igf1r|Il7|Itga3|Myb|Pik3r3|Tnc|Gng11,-0.005379007,0,11,0,0,-3.045724495,6.706641465,
1,-2.14247512,GO:0042102,M1,1,0,GO Biological Processes,19,positive regulation of T cell proliferation,19_GO:0022610 biological adhesion,-2.14247512,4.16060165,3.493321054,20580,108,229,5,2.183406114,0.965730145,11534|11629|12520|58205|171285,Adk|Aif1|Cd81|Pdcd1lg2|Havcr2,-0.005379007,0,1,0,0,-6.122174631,6.912999664,
1,-2.134281209,GO:0071677,M1,1,0,GO Biological Processes,19,positive regulation of mononuclear cell migration,19_GO:0040011 locomotion,-2.134281209,5.209796848,3.715602653,20580,69,229,4,1.746724891,0.865701223,11629|15945|53416|55985,Aif1|Cxcl10|Stk39|Cxcl13,-0.000390237,0,5,0,0,-3.574784137,16.85043668,
1,-2.130363877,GO:0045619,M1,1,0,GO Biological Processes,19,regulation of lymphocyte differentiation,19_GO:0002376 immune system process,-2.130363877,3.129766017,3.21866283,20580,201,229,7,3.056768559,1.137554686,12522|13655|16196|17863|59009|74256|320404,Cd83|Egr3|Il7|Myb|Sh3rf1|Cyld|Itpkb,0,0,1,0,0,-6.122174631,6.912999664,
1,-2.126320616,GO:1902532,M1,1,0,GO Biological Processes,19,negative regulation of intracellular signal transduction,19_GO:0023052 signaling,-2.126320616,2.171555657,2.920925847,20580,538,229,13,5.676855895,1.529133237,16001|16400|18390|21353|21858|22393|56449|59079|74041|74256|77446|107746|319520,Igf1r|Itga3|Oprm1|Tank|Timp2|Wfs1|Ybx3|Erbin|Ddias|Cyld|Heg1|Rapgef1|Dusp4,0,0,4,0,0,-4.069524746,6.535926955,
1,-2.11245524,GO:2000514,M1,1,0,GO Biological Processes,19,"regulation of CD4-positive, alpha-beta T cell activation",19_GO:0002376 immune system process,-2.11245524,5.135371179,3.676357053,20580,70,229,4,1.746724891,0.865701223,12520|12522|17863|59009,Cd81|Cd83|Myb|Sh3rf1,0,0,1,0,0,-6.122174631,6.912999664,
1,-2.104563147,GO:0043408,M1,1,0,GO Biological Processes,19,regulation of MAPK cascade,19_GO:0023052 signaling,-2.104563147,1.969731411,2.829890527,20580,730,229,16,6.986899563,1.68459912,12520|14173|16001|17952|18390|21809|21858|53416|59009|74256|107746|108058|109905|171285|319520|330938,Cd81|Fgf2|Igf1r|Naip6|Oprm1|Tgfb3|Timp2|Stk39|Sh3rf1|Cyld|Rapgef1|Camk2d|Rap1a|Havcr2|Dusp4|Dixdc1,0,0,21,0,0,-2.636709907,3.594759825,
1,-2.09747971,GO:0007169,M1,1,0,GO Biological Processes,19,transmembrane receptor protein tyrosine kinase signaling pathway,19_GO:0023052 signaling,-2.09747971,2.462164264,2.989804026,20580,365,229,10,4.366812227,1.350419915,11839|12977|13642|13848|14173|16001|18710|77057|107746|243659,Areg|Csf1|Efnb2|Ephb6|Fgf2|Igf1r|Pik3r3|Ston1|Rapgef1|Styk1,0,0,11,0,0,-3.045724495,6.706641465,
1,-2.097125891,R-MMU-8875878,M1,1,0,Reactome Gene Sets,6,MET promotes cell motility,,-2.097125891,7.286675322,4.060008643,20580,37,229,3,1.310043668,0.751383447,16400|107746|109905,Itga3|Rapgef1|Rap1a,0,0,12,0,0,-3.016455881,7.929617262,
1,-2.093426952,GO:0032642,M1,1,0,GO Biological Processes,19,regulation of chemokine production,19_GO:0032501 multicellular organismal process,-2.093426952,4.048152956,3.41575671,20580,111,229,5,2.183406114,0.965730145,11629|16196|16803|59079|171285,Aif1|Il7|Lbp|Erbin|Havcr2,0,0,18,0,0,-2.734559347,4.048152956,
1,-2.091044513,GO:0002687,M1,1,0,GO Biological Processes,19,positive regulation of leukocyte migration,19_GO:0040011 locomotion,-2.091044513,3.456499832,3.266973673,20580,156,229,6,2.620087336,1.055540334,11629|12977|15945|16803|53416|55985,Aif1|Csf1|Cxcl10|Lbp|Stk39|Cxcl13,0,0,5,0,0,-3.574784137,16.85043668,
1,-2.090998376,R-MMU-166520,M1,1,0,Reactome Gene Sets,6,Signaling by NTRKs,,-2.090998376,5.063042008,3.637853804,20580,71,229,4,1.746724891,0.865701223,17937|107746|109905|319520,Nab2|Rapgef1|Rap1a|Dusp4,0,0,12,0,0,-3.016455881,7.929617262,
1,-2.090998376,GO:0021536,M1,1,0,GO Biological Processes,19,diencephalon development,19_GO:0032502 developmental process,-2.090998376,5.063042008,3.637853804,20580,71,229,4,1.746724891,0.865701223,14173|18227|18423|18508,Fgf2|Nr4a2|Otx1|Pax6,0,0,25,0,0,-2.314737428,5.063042008,
1,-2.090998376,GO:0046579,M1,1,0,GO Biological Processes,19,positive regulation of Ras protein signal transduction,19_GO:0023052 signaling,-2.090998376,5.063042008,3.637853804,20580,71,229,4,1.746724891,0.865701223,12977|59079|108058|320404,Csf1|Erbin|Camk2d|Itpkb,0,0,32,1,1,-2.090998376,5.063042008,
1,-2.088450416,GO:0030097,M1,1,0,GO Biological Processes,19,hemopoiesis,19_GO:0002376 immune system process,-2.088450416,1.961669755,2.81233795,20580,733,229,16,6.986899563,1.68459912,12520|12977|15900|16196|16364|17349|17863|20741|21814|21949|53314|74041|74256|76044|108800|320404,Cd81|Csf1|Irf8|Il7|Irf4|Mlf1|Myb|Sptb|Tgfbr3|Tnfsf8|Batf|Ddias|Cyld|Ncapg2|Ston2|Itpkb,0,0,3,0,0,-4.216419482,12.83842795,
1,-2.085585542,GO:0032872,M1,1,0,GO Biological Processes,19,regulation of stress-activated MAPK cascade,19_GO:0023052 signaling,-2.085585542,3.068697412,3.157636187,20580,205,229,7,3.056768559,1.137554686,16001|17952|53416|59009|74256|107746|330938,Igf1r|Naip6|Stk39|Sh3rf1|Cyld|Rapgef1|Dixdc1,0,0,21,0,0,-2.636709907,3.594759825,
1,-2.064937163,GO:0097028,M1,1,0,GO Biological Processes,19,dendritic cell differentiation,19_GO:0002376 immune system process,-2.064937163,7.094920708,3.989105236,20580,38,229,3,1.310043668,0.751383447,15900|16364|53314,Irf8|Irf4|Batf,0,0,3,0,0,-4.216419482,12.83842795,
1,-2.064937163,GO:0016445,M1,1,0,GO Biological Processes,19,somatic diversification of immunoglobulins,19_GO:0002376 immune system process,-2.064937163,7.094920708,3.989105236,20580,38,229,3,1.310043668,0.751383447,26909|53314|380797,Exo1|Batf|Ighd,0,0,29,0,0,-2.215212161,7.094920708,
1,-2.052779457,GO:0070302,M1,1,0,GO Biological Processes,19,regulation of stress-activated protein kinase signaling cascade,19_GO:0023052 signaling,-2.052779457,3.024437353,3.112835518,20580,208,229,7,3.056768559,1.137554686,16001|17952|53416|59009|74256|107746|330938,Igf1r|Naip6|Stk39|Sh3rf1|Cyld|Rapgef1|Dixdc1,0,0,21,0,0,-2.636709907,3.594759825,
1,-2.051308549,GO:0031175,M1,1,0,GO Biological Processes,19,neuron projection development,19_GO:0032502 developmental process,-2.051308549,1.943113419,2.771698251,20580,740,229,16,6.986899563,1.68459912,11839|13642|13848|16001|16467|18227|18508|18846|21923|65254|71653|76260|94190|211673|214968|226841,Areg|Efnb2|Ephb6|Igf1r|Atcay|Nr4a2|Pax6|Plxna3|Tnc|Dpysl5|Shtn1|Ttc8|Ophn1|Arfgef1|Sema6d|Vash2,0,0,22,0,0,-2.632152606,3.475596516,
1,-2.049150016,GO:0046637,M1,1,0,GO Biological Processes,19,regulation of alpha-beta T cell differentiation,19_GO:0002376 immune system process,-2.049150016,4.924328528,3.562974544,20580,73,229,4,1.746724891,0.865701223,12522|17863|59009|320404,Cd83|Myb|Sh3rf1|Itpkb,0,0,1,0,0,-6.122174631,6.912999664,
1,-2.033699885,GO:2000516,M1,1,0,GO Biological Processes,19,"positive regulation of CD4-positive, alpha-beta T cell activation",19_GO:0022610 biological adhesion,-2.033699885,6.912999664,3.92072484,20580,39,229,3,1.310043668,0.751383447,12520|12522|17863,Cd81|Cd83|Myb,0,0,1,0,0,-6.122174631,6.912999664,
1,-2.033699885,GO:0018208,M1,1,0,GO Biological Processes,19,peptidyl-proline modification,19_GO:0008152 metabolic process,-2.033699885,6.912999664,3.92072484,20580,39,229,3,1.310043668,0.751383447,14229|18087|112407,Fkbp5|Nktr|Egln3,0,0,33,1,1,-2.033699885,6.912999664,
1,-2.033699885,GO:0033238,M1,1,0,GO Biological Processes,19,regulation of cellular amine metabolic process,19_GO:0008152 metabolic process,-2.033699885,6.912999664,3.92072484,20580,39,229,3,1.310043668,0.751383447,16467|18227|20540,Atcay|Nr4a2|Slc7a7,0,0,34,1,1,-2.033699885,6.912999664,
1,-2.030559526,GO:0046634,M1,1,0,GO Biological Processes,19,regulation of alpha-beta T cell activation,19_GO:0002376 immune system process,-2.030559526,3.907347636,3.316477135,20580,115,229,5,2.183406114,0.965730145,12520|12522|17863|59009|320404,Cd81|Cd83|Myb|Sh3rf1|Itpkb,0,0,1,0,0,-6.122174631,6.912999664,
1,-2.014753565,GO:0021543,M1,1,0,GO Biological Processes,19,pallium development,19_GO:0032502 developmental process,-2.014753565,3.32848132,3.156172005,20580,162,229,6,2.620087336,1.055540334,12316|18508|18846|19280|76574|330938,Aspm|Pax6|Plxna3|Ptprs|Mfsd2a|Dixdc1,0,0,8,0,0,-3.323956586,3.32848132,
1,-2.012298717,GO:0007409,M1,1,0,GO Biological Processes,19,axonogenesis,19_GO:0032502 developmental process,-2.012298717,2.390132863,2.885815424,20580,376,229,10,4.366812227,1.350419915,13642|13848|16001|18227|18508|18846|65254|71653|76260|214968,Efnb2|Ephb6|Igf1r|Nr4a2|Pax6|Plxna3|Dpysl5|Shtn1|Ttc8|Sema6d,0,0,22,0,0,-2.632152606,3.475596516,
1,-2.01077482,GO:0072503,M1,1,0,GO Biological Processes,19,cellular divalent inorganic cation homeostasis,19_GO:0065007 biological regulation,-2.01077482,2.178642318,2.815695645,20580,495,229,12,5.240174672,1.472540562,12145|12315|12776|14173|15945|18390|22393|22784|55985|104027|108058|234515,Cxcr5|Calm3|Ccr8|Fgf2|Cxcl10|Oprm1|Wfs1|Slc30a3|Cxcl13|Synpo|Camk2d|Inpp4b,0,0,23,0,0,-2.544593355,6.782565708,
1,-2.008656565,GO:0051149,M1,1,0,GO Biological Processes,19,positive regulation of muscle cell differentiation,19_GO:0032502 developmental process,-2.008656565,4.7930131,3.490776834,20580,75,229,4,1.746724891,0.865701223,12180|13642|52163|110196,Smyd1|Efnb2|Camk1|Fdps,0,0,35,1,1,-2.008656565,4.7930131,
1,-2.003364446,GO:0060219,M1,1,0,GO Biological Processes,19,camera-type eye photoreceptor cell differentiation,19_GO:0032502 developmental process,-2.003364446,6.740174672,3.85471152,20580,40,229,3,1.310043668,0.751383447,76260|237979|330166,Ttc8|Sdk2|Miat,0,0,19,0,0,-2.724419472,6.740174672,
1,-2.003364446,GO:0006778,M1,1,0,GO Biological Processes,19,porphyrin-containing compound metabolic process,19_GO:0008152 metabolic process,-2.003364446,6.740174672,3.85471152,20580,40,229,3,1.310043668,0.751383447,15199|20741|237926,Hebp1|Sptb|Rsad1,0,0,36,1,1,-2.003364446,6.740174672,